{
  "title": "learn anything - economics - business - companies",
  "tag": "",
  "nodes": [
    {
      "text": "companies",
      "note": "",
      "url": "http://www.wikiwand.com/en/Company",
      "fx": 25.7109375,
      "fy": -428.8203125,
      "nodes": [
        {
          "text": "1865: nokia",
          "url": "http://www.wikiwand.com/en/Nokia",
          "fx": 278.7109375,
          "fy": -2874.8203125,
          "nodes": [],
          "category": "wiki",
          "color": "rgba(175, 54, 242, 1.0)"
        },
        {
          "text": "1869: goldman sachs",
          "url": "http://www.wikiwand.com/en/Goldman_Sachs",
          "fx": 278.7109375,
          "fy": -2834.8203125,
          "nodes": [],
          "category": "wiki",
          "color": "rgba(36, 170, 255, 1.0)"
        },
        {
          "text": "1889: nintendo",
          "url": "http://www.wikiwand.com/en/Nintendo",
          "fx": 278.7109375,
          "fy": -2774.8203125,
          "nodes": [
            {
              "text": "1989: game boy",
              "url": "http://www.wikiwand.com/en/Game_Boy",
              "fx": 498.7109375,
              "fy": -2794.8203125,
              "nodes": [],
              "category": "wiki",
              "color": "rgba(255, 189, 10, 1.0)"
            },
            {
              "text": "06: wii",
              "url": "http://www.wikiwand.com/en/Wii",
              "fx": 498.7109375,
              "fy": -2754.8203125,
              "nodes": [],
              "category": "wiki",
              "color": "rgba(255, 189, 10, 1.0)"
            }
          ],
          "category": "wiki",
          "color": "rgba(255, 189, 10, 1.0)"
        },
        {
          "text": "1891: philips",
          "url": "http://www.wikiwand.com/en/Philips",
          "fx": 278.7109375,
          "fy": -2714.8203125,
          "nodes": [],
          "category": "wiki",
          "color": "rgba(34, 205, 224, 1.0)"
        },
        {
          "text": "1892: coca-cola",
          "url": "http://www.wikiwand.com/en/Coca-Cola",
          "fx": 278.7109375,
          "fy": -2674.8203125,
          "nodes": [],
          "category": "wiki",
          "color": "rgba(209, 21, 88, 1.0)"
        },
        {
          "text": "1892: general electric",
          "url": "http://www.wikiwand.com/en/General_Electric",
          "fx": 278.7109375,
          "fy": -2634.8203125,
          "nodes": [],
          "category": "wiki",
          "color": "rgba(49, 187, 71, 1.0)"
        },
        {
          "text": "1903: ford",
          "url": "http://www.wikiwand.com/en/Ford_Motor_Company",
          "fx": 278.7109375,
          "fy": -2594.8203125,
          "nodes": [],
          "category": "wiki",
          "color": "rgba(175, 54, 242, 1.0)"
        },
        {
          "text": "1905: rolex",
          "url": "http://www.wikiwand.com/en/Rolex",
          "fx": 278.7109375,
          "fy": -2554.8203125,
          "nodes": [],
          "category": "wiki",
          "color": "rgba(36, 170, 255, 1.0)"
        },
        {
          "text": "1905: nestle",
          "url": "http://www.wikiwand.com/en/Nestl%C3%A9",
          "fx": 278.7109375,
          "fy": -2514.8203125,
          "nodes": [],
          "category": "wiki",
          "color": "rgba(255, 189, 10, 1.0)"
        },
        {
          "text": "1906: kellogg’s",
          "url": "http://www.wikiwand.com/en/Kellogg%27s",
          "fx": 278.7109375,
          "fy": -2474.8203125,
          "nodes": [],
          "category": "wiki",
          "color": "rgba(34, 205, 224, 1.0)"
        },
        {
          "text": "1909: l’oreal",
          "url": "http://www.wikiwand.com/en/L%27Or%C3%A9al",
          "fx": 278.7109375,
          "fy": -2434.8203125,
          "nodes": [],
          "category": "wiki",
          "color": "rgba(209, 21, 88, 1.0)"
        },
        {
          "text": "1911: IBM",
          "url": "http://www.wikiwand.com/en/IBM",
          "fx": 278.7109375,
          "fy": -2394.8203125,
          "nodes": [],
          "category": "wiki",
          "color": "rgba(49, 187, 71, 1.0)"
        },
        {
          "text": "1916: boeing",
          "url": "http://www.wikiwand.com/en/Boeing",
          "fx": 278.7109375,
          "fy": -2354.8203125,
          "nodes": [],
          "category": "wiki",
          "color": "rgba(175, 54, 242, 1.0)"
        },
        {
          "text": "1916: bmw",
          "url": "http://www.wikiwand.com/en/BMW",
          "fx": 278.7109375,
          "fy": -2314.8203125,
          "nodes": [],
          "category": "wiki",
          "color": "rgba(36, 170, 255, 1.0)"
        },
        {
          "text": "1917: nikon",
          "url": "http://www.wikiwand.com/en/Nikon",
          "fx": 278.7109375,
          "fy": -2274.8203125,
          "nodes": [],
          "category": "wiki",
          "color": "rgba(255, 189, 10, 1.0)"
        },
        {
          "text": "1919: tesco",
          "url": "http://www.wikiwand.com/en/Tesco",
          "fx": 278.7109375,
          "fy": -2234.8203125,
          "nodes": [],
          "category": "wiki",
          "color": "rgba(34, 205, 224, 1.0)"
        },
        {
          "text": "1922: BBC",
          "url": "http://www.wikiwand.com/en/BBC",
          "fx": 278.7109375,
          "fy": -2194.8203125,
          "nodes": [],
          "category": "wiki",
          "color": "rgba(209, 21, 88, 1.0)"
        },
        {
          "text": "disney",
          "url": "http://www.wikiwand.com/en/The_Walt_Disney_Company",
          "fx": 278.7109375,
          "fy": -2154.8203125,
          "nodes": [],
          "category": "wiki",
          "color": "rgba(49, 187, 71, 1.0)"
        },
        {
          "text": "1923: warner bros",
          "url": "http://www.wikiwand.com/en/Warner_Bros.",
          "fx": 278.7109375,
          "fy": -2114.8203125,
          "nodes": [],
          "category": "wiki",
          "color": "rgba(175, 54, 242, 1.0)"
        },
        {
          "text": "1932: lego",
          "url": "http://www.wikiwand.com/en/Lego",
          "fx": 278.7109375,
          "fy": -2074.8203125,
          "nodes": [],
          "category": "wiki",
          "color": "rgba(36, 170, 255, 1.0)"
        },
        {
          "text": "1937: toyota",
          "url": "http://www.wikiwand.com/en/Toyota",
          "fx": 278.7109375,
          "fy": -2034.8203125,
          "nodes": [],
          "category": "wiki",
          "color": "rgba(255, 189, 10, 1.0)"
        },
        {
          "text": "1937: volkswagen",
          "url": "http://www.wikiwand.com/en/Volkswagen",
          "fx": 278.7109375,
          "fy": -1994.8203125,
          "nodes": [],
          "category": "wiki",
          "color": "rgba(34, 205, 224, 1.0)"
        },
        {
          "text": "1937: canon",
          "url": "http://www.wikiwand.com/en/Canon_Inc.",
          "fx": 278.7109375,
          "fy": -1954.8203125,
          "nodes": [],
          "category": "wiki",
          "color": "rgba(209, 21, 88, 1.0)"
        },
        {
          "text": "1938: samsung",
          "url": "http://www.wikiwand.com/en/Samsung",
          "fx": 278.7109375,
          "fy": -1914.8203125,
          "nodes": [
            {
              "text": "09: samsung galaxy",
              "url": "http://www.wikiwand.com/en/Samsung_Galaxy",
              "fx": 501.7109375,
              "fy": -1914.8203125,
              "nodes": [],
              "category": "wiki",
              "color": "rgba(49, 187, 71, 1.0)"
            }
          ],
          "category": "wiki",
          "color": "rgba(49, 187, 71, 1.0)"
        },
        {
          "text": "1939: hewlett packard",
          "url": "http://www.wikiwand.com/en/Hewlett-Packard",
          "fx": 278.7109375,
          "fy": -1874.8203125,
          "nodes": [],
          "category": "wiki",
          "color": "rgba(175, 54, 242, 1.0)"
        },
        {
          "text": "1943: ikea",
          "url": "http://www.wikiwand.com/en/IKEA",
          "fx": 278.7109375,
          "fy": -1834.8203125,
          "nodes": [],
          "category": "wiki",
          "color": "rgba(36, 170, 255, 1.0)"
        },
        {
          "text": "1946: sony",
          "url": "http://www.wikiwand.com/en/Sony",
          "fx": 278.7109375,
          "fy": -1794.8203125,
          "nodes": [
            {
              "text": "1994: playstation",
              "url": "http://www.wikiwand.com/en/PlayStation",
              "fx": 466.7109375,
              "fy": -1794.8203125,
              "nodes": [],
              "category": "wiki",
              "color": "rgba(255, 189, 10, 1.0)"
            }
          ],
          "category": "wiki",
          "color": "rgba(255, 189, 10, 1.0)"
        },
        {
          "text": "1955: mcdonald’s",
          "url": "http://www.wikiwand.com/en/McDonald%27s",
          "fx": 278.7109375,
          "fy": -1754.8203125,
          "nodes": [],
          "category": "wiki",
          "color": "rgba(34, 205, 224, 1.0)"
        },
        {
          "text": "1958: visa",
          "url": "http://www.wikiwand.com/en/Visa_Inc.",
          "fx": 278.7109375,
          "fy": -1714.8203125,
          "nodes": [],
          "category": "wiki",
          "color": "rgba(209, 21, 88, 1.0)"
        },
        {
          "text": "1960: domino’s pizza",
          "url": "http://www.wikiwand.com/en/Domino%27s_Pizza",
          "fx": 278.7109375,
          "fy": -1674.8203125,
          "nodes": [],
          "category": "wiki",
          "color": "rgba(49, 187, 71, 1.0)"
        },
        {
          "text": "1962: walmart",
          "url": "http://www.wikiwand.com/en/Walmart",
          "fx": 278.7109375,
          "fy": -1634.8203125,
          "nodes": [],
          "category": "wiki",
          "color": "rgba(175, 54, 242, 1.0)"
        },
        {
          "text": "1964: nike",
          "url": "http://www.wikiwand.com/en/Nike,_Inc.",
          "fx": 278.7109375,
          "fy": -1594.8203125,
          "nodes": [],
          "category": "wiki",
          "color": "rgba(36, 170, 255, 1.0)"
        },
        {
          "text": "1965: subway",
          "url": "http://www.wikiwand.com/en/Subway_(restaurant)",
          "fx": 278.7109375,
          "fy": -1554.8203125,
          "nodes": [],
          "category": "wiki",
          "color": "rgba(255, 189, 10, 1.0)"
        },
        {
          "text": "1968: intel",
          "url": "http://www.wikiwand.com/en/Intel",
          "fx": 278.7109375,
          "fy": -1514.8203125,
          "nodes": [],
          "category": "wiki",
          "color": "rgba(34, 205, 224, 1.0)"
        },
        {
          "text": "1969: AMD",
          "url": "http://www.wikiwand.com/en/Advanced_Micro_Devices",
          "fx": 278.7109375,
          "fy": -1474.8203125,
          "nodes": [],
          "category": "wiki",
          "color": "rgba(209, 21, 88, 1.0)"
        },
        {
          "text": "1971: starbucks",
          "url": "http://www.wikiwand.com/en/Starbucks",
          "fx": 278.7109375,
          "fy": -1434.8203125,
          "nodes": [],
          "category": "wiki",
          "color": "rgba(49, 187, 71, 1.0)"
        },
        {
          "text": "1971: fedex",
          "url": "http://www.wikiwand.com/en/FedEx",
          "fx": 278.7109375,
          "fy": -1394.8203125,
          "nodes": [],
          "category": "wiki",
          "color": "rgba(175, 54, 242, 1.0)"
        },
        {
          "text": "1974: zara",
          "url": "http://www.wikiwand.com/en/Zara_(retailer)",
          "fx": 278.7109375,
          "fy": -1354.8203125,
          "nodes": [],
          "category": "wiki",
          "color": "rgba(36, 170, 255, 1.0)"
        },
        {
          "text": "1975: microsoft",
          "url": "http://www.wikiwand.com/en/Microsoft",
          "fx": 278.7109375,
          "fy": -1274.8203125,
          "nodes": [
            {
              "text": "01: xbox",
              "url": "http://www.wikiwand.com/en/Xbox",
              "fx": 503.7109375,
              "fy": -1314.8203125,
              "nodes": [],
              "category": "wiki",
              "color": "rgba(255, 189, 10, 1.0)"
            },
            {
              "text": "03: skype",
              "url": "http://www.wikiwand.com/en/Skype",
              "fx": 503.7109375,
              "fy": -1274.8203125,
              "nodes": [],
              "category": "wiki",
              "color": "rgba(255, 189, 10, 1.0)"
            },
            {
              "text": "09: bing",
              "url": "http://www.wikiwand.com/en/Bing_(search_engine)",
              "fx": 503.7109375,
              "fy": -1234.8203125,
              "nodes": [],
              "category": "wiki",
              "color": "rgba(255, 189, 10, 1.0)"
            }
          ],
          "category": "wiki",
          "color": "rgba(255, 189, 10, 1.0)"
        },
        {
          "text": "1976: apple",
          "url": "http://www.wikiwand.com/en/Apple_Inc.",
          "fx": 278.7109375,
          "fy": -1174.8203125,
          "nodes": [
            {
              "text": "1984: mac",
              "url": "http://www.wikiwand.com/en/Macintosh",
              "fx": 472.7109375,
              "fy": -1194.8203125,
              "nodes": [],
              "category": "wiki",
              "color": "rgba(34, 205, 224, 1.0)"
            },
            {
              "text": "07: iPhone",
              "url": "http://www.wikiwand.com/en/IPhone",
              "fx": 472.7109375,
              "fy": -1154.8203125,
              "nodes": [],
              "category": "wiki",
              "color": "rgba(34, 205, 224, 1.0)"
            }
          ],
          "category": "wiki",
          "color": "rgba(34, 205, 224, 1.0)"
        },
        {
          "text": "1977: oracle",
          "url": "http://www.wikiwand.com/en/Oracle_Corporation",
          "fx": 278.7109375,
          "fy": -1114.8203125,
          "nodes": [],
          "category": "wiki",
          "color": "rgba(209, 21, 88, 1.0)"
        },
        {
          "text": "1981: bloomberg",
          "url": "http://www.wikiwand.com/en/Bloomberg_L.P.",
          "fx": 278.7109375,
          "fy": -1074.8203125,
          "nodes": [],
          "category": "wiki",
          "color": "rgba(49, 187, 71, 1.0)"
        },
        {
          "text": "1982: adobe systems",
          "url": "http://www.wikiwand.com/en/Adobe_Systems",
          "fx": 278.7109375,
          "fy": -1034.8203125,
          "nodes": [],
          "category": "wiki",
          "color": "rgba(175, 54, 242, 1.0)"
        },
        {
          "text": "1982: electronic arts",
          "url": "http://www.wikiwand.com/en/Electronic_Arts",
          "fx": 278.7109375,
          "fy": -994.8203125,
          "nodes": [],
          "category": "wiki",
          "color": "rgba(36, 170, 255, 1.0)"
        },
        {
          "text": "1983: at&amp;t",
          "url": "http://www.wikiwand.com/en/AT%26T",
          "fx": 278.7109375,
          "fy": -954.8203125,
          "nodes": [],
          "category": "wiki",
          "color": "rgba(255, 189, 10, 1.0)"
        },
        {
          "text": "1984: blackberry",
          "url": "http://www.wikiwand.com/en/BlackBerry",
          "fx": 278.7109375,
          "fy": -914.8203125,
          "nodes": [],
          "category": "wiki",
          "color": "rgba(34, 205, 224, 1.0)"
        },
        {
          "text": "1984: cisco",
          "url": "http://www.wikiwand.com/en/Cisco_Systems",
          "fx": 278.7109375,
          "fy": -874.8203125,
          "nodes": [],
          "category": "wiki",
          "color": "rgba(209, 21, 88, 1.0)"
        },
        {
          "text": "1984: ted",
          "url": "http://www.wikiwand.com/en/TED_(conference)",
          "fx": 278.7109375,
          "fy": -834.8203125,
          "nodes": [],
          "category": "wiki",
          "color": "rgba(49, 187, 71, 1.0)"
        },
        {
          "text": "1984: dell",
          "url": "http://www.wikiwand.com/en/Dell",
          "fx": 278.7109375,
          "fy": -794.8203125,
          "nodes": [
            {
              "text": "1998: vmware",
              "url": "http://www.wikiwand.com/en/VMware",
              "fx": 456.7109375,
              "fy": -794.8203125,
              "nodes": [],
              "category": "wiki",
              "color": "rgba(175, 54, 242, 1.0)"
            }
          ],
          "category": "wiki",
          "color": "rgba(175, 54, 242, 1.0)"
        },
        {
          "text": "1984: lenovo",
          "url": "http://www.wikiwand.com/en/Lenovo",
          "fx": 278.7109375,
          "fy": -754.8203125,
          "nodes": [],
          "category": "wiki",
          "color": "rgba(36, 170, 255, 1.0)"
        },
        {
          "text": "1985: qualcomm",
          "url": "http://www.wikiwand.com/en/Qualcomm",
          "fx": 278.7109375,
          "fy": -714.8203125,
          "nodes": [],
          "category": "wiki",
          "color": "rgba(255, 189, 10, 1.0)"
        },
        {
          "text": "1991: blizzard",
          "url": "http://www.wikiwand.com/en/Blizzard_Entertainment",
          "fx": 278.7109375,
          "fy": -674.8203125,
          "nodes": [],
          "category": "wiki",
          "color": "rgba(34, 205, 224, 1.0)"
        },
        {
          "text": "1991: vodafone",
          "url": "http://www.wikiwand.com/en/Vodafone",
          "fx": 278.7109375,
          "fy": -634.8203125,
          "nodes": [],
          "category": "wiki",
          "color": "rgba(209, 21, 88, 1.0)"
        },
        {
          "text": "1991: broadcom",
          "url": "http://www.wikiwand.com/en/Broadcom",
          "fx": 278.7109375,
          "fy": -594.8203125,
          "nodes": [],
          "category": "wiki",
          "color": "rgba(49, 187, 71, 1.0)"
        },
        {
          "text": "1993: nvidia",
          "url": "http://www.wikiwand.com/en/Nvidia",
          "fx": 278.7109375,
          "fy": -554.8203125,
          "nodes": [],
          "category": "wiki",
          "color": "rgba(175, 54, 242, 1.0)"
        },
        {
          "text": "1993: red hat",
          "url": "http://www.wikiwand.com/en/Red_Hat",
          "fx": 278.7109375,
          "fy": -514.8203125,
          "nodes": [],
          "category": "wiki",
          "color": "rgba(36, 170, 255, 1.0)"
        },
        {
          "text": "1994: amazon",
          "url": "http://www.wikiwand.com/en/Amazon.com",
          "fx": 278.7109375,
          "fy": -474.8203125,
          "nodes": [],
          "category": "wiki",
          "color": "rgba(255, 189, 10, 1.0)"
        },
        {
          "text": "1995: yahoo",
          "url": "http://www.wikiwand.com/en/Yahoo!",
          "fx": 278.7109375,
          "fy": -434.8203125,
          "nodes": [
            {
              "text": "07: tumblr",
              "url": "http://www.wikiwand.com/en/Tumblr",
              "fx": 477.7109375,
              "fy": -434.8203125,
              "nodes": [],
              "category": "wiki",
              "color": "rgba(34, 205, 224, 1.0)"
            }
          ],
          "category": "wiki",
          "color": "rgba(34, 205, 224, 1.0)"
        },
        {
          "text": "1995: ebay",
          "url": "http://www.wikiwand.com/en/EBay",
          "fx": 278.7109375,
          "fy": -394.8203125,
          "nodes": [],
          "category": "wiki",
          "color": "rgba(209, 21, 88, 1.0)"
        },
        {
          "text": "1996: booking",
          "url": "http://www.wikiwand.com/en/Booking.com",
          "fx": 278.7109375,
          "fy": -354.8203125,
          "nodes": [],
          "category": "wiki",
          "color": "rgba(49, 187, 71, 1.0)"
        },
        {
          "text": "1996: valve",
          "url": "http://www.wikiwand.com/en/Valve_Corporation",
          "fx": 278.7109375,
          "fy": -314.8203125,
          "nodes": [],
          "category": "wiki",
          "color": "rgba(175, 54, 242, 1.0)"
        },
        {
          "text": "1997: netflix",
          "url": "http://www.wikiwand.com/en/Netflix",
          "fx": 278.7109375,
          "fy": -274.8203125,
          "nodes": [],
          "category": "wiki",
          "color": "rgba(36, 170, 255, 1.0)"
        },
        {
          "text": "1998: mozilla",
          "url": "http://www.wikiwand.com/en/Mozilla",
          "fx": 278.7109375,
          "fy": -234.8203125,
          "nodes": [],
          "category": "wiki",
          "color": "rgba(255, 189, 10, 1.0)"
        },
        {
          "text": "1998: paypal",
          "url": "http://www.wikiwand.com/en/PayPal",
          "fx": 278.7109375,
          "fy": -194.8203125,
          "nodes": [],
          "category": "wiki",
          "color": "rgba(34, 205, 224, 1.0)"
        },
        {
          "text": "1998: rockstar games",
          "url": "http://www.wikiwand.com/en/Rockstar_Games",
          "fx": 278.7109375,
          "fy": -154.8203125,
          "nodes": [],
          "category": "wiki",
          "color": "rgba(209, 21, 88, 1.0)"
        },
        {
          "text": "1999: alibaba",
          "url": "http://www.wikiwand.com/en/Alibaba_Group",
          "fx": 278.7109375,
          "fy": -114.8203125,
          "nodes": [],
          "category": "wiki",
          "color": "rgba(49, 187, 71, 1.0)"
        },
        {
          "text": "1999: shazam",
          "url": "http://www.wikiwand.com/en/Shazam_(service)",
          "fx": 278.7109375,
          "fy": -74.8203125,
          "nodes": [],
          "category": "wiki",
          "color": "rgba(175, 54, 242, 1.0)"
        },
        {
          "text": "1999: salesforce",
          "url": "http://www.wikiwand.com/en/Salesforce.com",
          "fx": 278.7109375,
          "fy": -34.8203125,
          "nodes": [],
          "category": "wiki",
          "color": "rgba(36, 170, 255, 1.0)"
        },
        {
          "text": "00: baidu",
          "url": "http://www.wikiwand.com/en/Baidu",
          "fx": 278.7109375,
          "fy": 5.1796875,
          "nodes": [],
          "category": "wiki",
          "color": "rgba(255, 189, 10, 1.0)"
        },
        {
          "text": "00: blue origin",
          "url": "http://www.wikiwand.com/en/Blue_Origin",
          "fx": 278.7109375,
          "fy": 45.1796875,
          "nodes": [],
          "category": "wiki",
          "color": "rgba(34, 205, 224, 1.0)"
        },
        {
          "text": "00: yandex",
          "url": "http://www.wikiwand.com/en/Yandex",
          "fx": 278.7109375,
          "fy": 85.1796875,
          "nodes": [],
          "category": "wiki",
          "color": "rgba(209, 21, 88, 1.0)"
        },
        {
          "text": "00: tripadvisor",
          "url": "http://www.wikiwand.com/en/TripAdvisor",
          "fx": 278.7109375,
          "fy": 125.1796875,
          "nodes": [],
          "category": "wiki",
          "color": "rgba(49, 187, 71, 1.0)"
        },
        {
          "text": "01: skyscanner",
          "url": "http://www.wikiwand.com/en/Skyscanner",
          "fx": 278.7109375,
          "fy": 165.1796875,
          "nodes": [],
          "category": "wiki",
          "color": "rgba(175, 54, 242, 1.0)"
        },
        {
          "text": "02: spaceX",
          "url": "http://www.wikiwand.com/en/SpaceX",
          "fx": 278.7109375,
          "fy": 205.1796875,
          "nodes": [],
          "category": "wiki",
          "color": "rgba(36, 170, 255, 1.0)"
        },
        {
          "text": "02: linkedin",
          "url": "http://www.wikiwand.com/en/LinkedIn",
          "fx": 278.7109375,
          "fy": 245.1796875,
          "nodes": [],
          "category": "wiki",
          "color": "rgba(255, 189, 10, 1.0)"
        },
        {
          "text": "02: gopro",
          "url": "http://www.wikiwand.com/en/GoPro",
          "fx": 278.7109375,
          "fy": 285.1796875,
          "nodes": [],
          "category": "wiki",
          "color": "rgba(34, 205, 224, 1.0)"
        },
        {
          "text": "03: tesla",
          "url": "http://www.wikiwand.com/en/Tesla,_Inc.",
          "fx": 278.7109375,
          "fy": 325.1796875,
          "nodes": [
            {
              "text": "17: model 3",
              "url": "http://www.wikiwand.com/en/Tesla_Model_3",
              "fx": 446.7109375,
              "fy": 325.1796875,
              "nodes": [],
              "category": "wiki",
              "color": "rgba(209, 21, 88, 1.0)"
            }
          ],
          "category": "wiki",
          "color": "rgba(209, 21, 88, 1.0)"
        },
        {
          "text": "03: king",
          "url": "http://www.wikiwand.com/en/King_(company)",
          "fx": 278.7109375,
          "fy": 365.1796875,
          "nodes": [],
          "category": "wiki",
          "color": "rgba(49, 187, 71, 1.0)"
        },
        {
          "text": "04: facebook  ️",
          "url": "/economics/business/companies/facebook",
          "fx": 278.7109375,
          "fy": 425.1796875,
          "nodes": [
            {
              "text": "10: instagram",
              "url": "http://www.wikiwand.com/en/Instagram",
              "fx": 483.7109375,
              "fy": 405.1796875,
              "nodes": [],
              "category": "wiki",
              "color": "rgba(175, 54, 242, 1.0)"
            },
            {
              "text": "12: oculus rift",
              "url": "http://www.wikiwand.com/en/Oculus_Rift",
              "fx": 483.7109375,
              "fy": 445.1796875,
              "nodes": [],
              "category": "wiki",
              "color": "rgba(175, 54, 242, 1.0)"
            }
          ],
          "category": "mindmap",
          "color": "rgba(175, 54, 242, 1.0)"
        },
        {
          "text": "04: yelp",
          "url": "http://www.wikiwand.com/en/Yelp",
          "fx": 278.7109375,
          "fy": 485.1796875,
          "nodes": [],
          "category": "wiki",
          "color": "rgba(36, 170, 255, 1.0)"
        },
        {
          "text": "04: unity",
          "url": "http://www.wikiwand.com/en/Unity_(game_engine)",
          "fx": 278.7109375,
          "fy": 525.1796875,
          "nodes": [],
          "category": "wiki",
          "color": "rgba(255, 189, 10, 1.0)"
        },
        {
          "text": "04: palantir",
          "url": "http://www.wikiwand.com/en/Palantir_Technologies",
          "fx": 278.7109375,
          "fy": 565.1796875,
          "nodes": [],
          "category": "wiki",
          "color": "rgba(34, 205, 224, 1.0)"
        },
        {
          "text": "04: canonical",
          "url": "http://www.wikiwand.com/en/Canonical_(company)",
          "fx": 278.7109375,
          "fy": 605.1796875,
          "nodes": [],
          "category": "wiki",
          "color": "rgba(209, 21, 88, 1.0)"
        },
        {
          "text": "05: reddit",
          "url": "http://www.wikiwand.com/en/Reddit",
          "fx": 278.7109375,
          "fy": 645.1796875,
          "nodes": [],
          "category": "wiki",
          "color": "rgba(49, 187, 71, 1.0)"
        },
        {
          "text": "05: etsy",
          "url": "http://www.wikiwand.com/en/Etsy",
          "fx": 278.7109375,
          "fy": 685.1796875,
          "nodes": [],
          "category": "wiki",
          "color": "rgba(175, 54, 242, 1.0)"
        },
        {
          "text": "06: spotify",
          "url": "http://www.wikiwand.com/en/Spotify",
          "fx": 278.7109375,
          "fy": 725.1796875,
          "nodes": [],
          "category": "wiki",
          "color": "rgba(36, 170, 255, 1.0)"
        },
        {
          "text": "06: twitter",
          "url": "http://www.wikiwand.com/en/Twitter",
          "fx": 278.7109375,
          "fy": 765.1796875,
          "nodes": [],
          "category": "wiki",
          "color": "rgba(255, 189, 10, 1.0)"
        },
        {
          "text": "06: riot games",
          "url": "http://www.wikiwand.com/en/Riot_Games",
          "fx": 278.7109375,
          "fy": 805.1796875,
          "nodes": [],
          "category": "wiki",
          "color": "rgba(34, 205, 224, 1.0)"
        },
        {
          "text": "07: dropbox",
          "url": "http://www.wikiwand.com/en/Dropbox_(service)",
          "fx": 278.7109375,
          "fy": 845.1796875,
          "nodes": [],
          "category": "wiki",
          "color": "rgba(209, 21, 88, 1.0)"
        },
        {
          "text": "07: twilio",
          "url": "http://www.wikiwand.com/en/Twilio",
          "fx": 278.7109375,
          "fy": 885.1796875,
          "nodes": [],
          "category": "wiki",
          "color": "rgba(49, 187, 71, 1.0)"
        },
        {
          "text": "07: soundcloud",
          "url": "http://www.wikiwand.com/en/SoundCloud",
          "fx": 278.7109375,
          "fy": 925.1796875,
          "nodes": [],
          "category": "wiki",
          "color": "rgba(175, 54, 242, 1.0)"
        },
        {
          "text": "07: khan academy",
          "url": "http://www.wikiwand.com/en/Khan_Academy",
          "fx": 278.7109375,
          "fy": 965.1796875,
          "nodes": [],
          "category": "wiki",
          "color": "rgba(36, 170, 255, 1.0)"
        },
        {
          "text": "07: vkontakte",
          "url": "http://www.wikiwand.com/en/VK_(social_networking)",
          "fx": 278.7109375,
          "fy": 1005.1796875,
          "nodes": [],
          "category": "wiki",
          "color": "rgba(255, 189, 10, 1.0)"
        },
        {
          "text": "07: glassdoor",
          "url": "http://www.wikiwand.com/en/Glassdoor",
          "fx": 278.7109375,
          "fy": 1045.1796875,
          "nodes": [],
          "category": "wiki",
          "color": "rgba(34, 205, 224, 1.0)"
        },
        {
          "text": "08: github",
          "url": "http://www.wikiwand.com/en/GitHub",
          "fx": 278.7109375,
          "fy": 1085.1796875,
          "nodes": [],
          "category": "wiki",
          "color": "rgba(209, 21, 88, 1.0)"
        },
        {
          "text": "08: airbnb",
          "url": "http://www.wikiwand.com/en/Airbnb",
          "fx": 278.7109375,
          "fy": 1125.1796875,
          "nodes": [],
          "category": "wiki",
          "color": "rgba(49, 187, 71, 1.0)"
        },
        {
          "text": "08: docker",
          "url": "http://www.wikiwand.com/en/Docker_(software)",
          "fx": 278.7109375,
          "fy": 1165.1796875,
          "nodes": [],
          "category": "wiki",
          "color": "rgba(175, 54, 242, 1.0)"
        },
        {
          "text": "08: duckduckgo  ️",
          "url": "/economics/business/companies/duckduckgo",
          "fx": 278.7109375,
          "fy": 1205.1796875,
          "nodes": [],
          "category": "mindmap",
          "color": "rgba(36, 170, 255, 1.0)"
        },
        {
          "text": "09: slack",
          "url": "http://www.wikiwand.com/en/Slack_(software)",
          "fx": 278.7109375,
          "fy": 1245.1796875,
          "nodes": [],
          "category": "wiki",
          "color": "rgba(255, 189, 10, 1.0)"
        },
        {
          "text": "09: mojang",
          "url": "http://www.wikiwand.com/en/Mojang",
          "fx": 278.7109375,
          "fy": 1285.1796875,
          "nodes": [],
          "category": "wiki",
          "color": "rgba(34, 205, 224, 1.0)"
        },
        {
          "text": "09: imgur",
          "url": "http://www.wikiwand.com/en/Imgur",
          "fx": 278.7109375,
          "fy": 1325.1796875,
          "nodes": [],
          "category": "wiki",
          "color": "rgba(209, 21, 88, 1.0)"
        },
        {
          "text": "09: uber",
          "url": "http://www.wikiwand.com/en/Uber_(company)",
          "fx": 278.7109375,
          "fy": 1365.1796875,
          "nodes": [],
          "category": "wiki",
          "color": "rgba(49, 187, 71, 1.0)"
        },
        {
          "text": "09: quora",
          "url": "http://www.wikiwand.com/en/Quora",
          "fx": 278.7109375,
          "fy": 1405.1796875,
          "nodes": [],
          "category": "wiki",
          "color": "rgba(175, 54, 242, 1.0)"
        },
        {
          "text": "10: stripe",
          "url": "http://www.wikiwand.com/en/Stripe_(company)",
          "fx": 278.7109375,
          "fy": 1445.1796875,
          "nodes": [],
          "category": "wiki",
          "color": "rgba(36, 170, 255, 1.0)"
        },
        {
          "text": "10: xiaomi",
          "url": "http://www.wikiwand.com/en/Xiaomi",
          "fx": 278.7109375,
          "fy": 1485.1796875,
          "nodes": [],
          "category": "wiki",
          "color": "rgba(255, 189, 10, 1.0)"
        },
        {
          "text": "10: supercell",
          "url": "http://www.wikiwand.com/en/Supercell_(video_game_company)",
          "fx": 278.7109375,
          "fy": 1525.1796875,
          "nodes": [],
          "category": "wiki",
          "color": "rgba(34, 205, 224, 1.0)"
        },
        {
          "text": "10: pinterest",
          "url": "http://www.wikiwand.com/en/Pinterest",
          "fx": 278.7109375,
          "fy": 1565.1796875,
          "nodes": [],
          "category": "wiki",
          "color": "rgba(209, 21, 88, 1.0)"
        },
        {
          "text": "11: snapchat",
          "url": "http://www.wikiwand.com/en/Snapchat",
          "fx": 278.7109375,
          "fy": 1605.1796875,
          "nodes": [],
          "category": "wiki",
          "color": "rgba(49, 187, 71, 1.0)"
        },
        {
          "text": "11: digital ocean",
          "url": "http://www.wikiwand.com/en/DigitalOcean",
          "fx": 278.7109375,
          "fy": 1645.1796875,
          "nodes": [],
          "category": "wiki",
          "color": "rgba(175, 54, 242, 1.0)"
        },
        {
          "text": "11: udacity",
          "url": "http://www.wikiwand.com/en/Udacity",
          "fx": 278.7109375,
          "fy": 1685.1796875,
          "nodes": [],
          "category": "wiki",
          "color": "rgba(36, 170, 255, 1.0)"
        },
        {
          "text": "12: medium",
          "url": "http://www.wikiwand.com/en/Medium_(website)",
          "fx": 278.7109375,
          "fy": 1725.1796875,
          "nodes": [],
          "category": "wiki",
          "color": "rgba(255, 189, 10, 1.0)"
        },
        {
          "text": "12: coursera",
          "url": "http://www.wikiwand.com/en/Coursera",
          "fx": 278.7109375,
          "fy": 1765.1796875,
          "nodes": [],
          "category": "wiki",
          "color": "rgba(34, 205, 224, 1.0)"
        },
        {
          "text": "12: instacart",
          "url": "http://www.wikiwand.com/en/Instacart",
          "fx": 278.7109375,
          "fy": 1805.1796875,
          "nodes": [],
          "category": "wiki",
          "color": "rgba(209, 21, 88, 1.0)"
        },
        {
          "text": "15: alphabet",
          "url": "http://www.wikiwand.com/nl/Alphabet_Inc.",
          "fx": 278.7109375,
          "fy": 1905.1796875,
          "nodes": [
            {
              "text": "1998: google  ️",
              "url": "/economics/business/companies/google",
              "fx": 478.7109375,
              "fy": 1845.1796875,
              "nodes": [
                {
                  "text": "10: google nexus",
                  "url": "http://www.wikiwand.com/en/Google_Nexus",
                  "fx": 683.7109375,
                  "fy": 1845.1796875,
                  "nodes": [],
                  "category": "wiki",
                  "color": "rgba(49, 187, 71, 1.0)"
                }
              ],
              "category": "mindmap",
              "color": "rgba(49, 187, 71, 1.0)"
            },
            {
              "text": "05: youtube",
              "url": "http://www.wikiwand.com/en/YouTube",
              "fx": 478.7109375,
              "fy": 1885.1796875,
              "nodes": [],
              "category": "wiki",
              "color": "rgba(49, 187, 71, 1.0)"
            },
            {
              "text": "11: deepmind",
              "url": "http://www.wikiwand.com/en/DeepMind",
              "fx": 478.7109375,
              "fy": 1925.1796875,
              "nodes": [],
              "category": "wiki",
              "color": "rgba(49, 187, 71, 1.0)"
            },
            {
              "text": "13: calico",
              "url": "http://www.wikiwand.com/en/Calico_(company)",
              "fx": 478.7109375,
              "fy": 1965.1796875,
              "nodes": [],
              "category": "wiki",
              "color": "rgba(49, 187, 71, 1.0)"
            }
          ],
          "category": "wiki",
          "color": "rgba(49, 187, 71, 1.0)"
        },
        {
          "text": "15: openAI",
          "url": "http://www.wikiwand.com/en/OpenAI",
          "fx": 278.7109375,
          "fy": 2005.1796875,
          "nodes": [],
          "category": "wiki",
          "color": "rgba(175, 54, 242, 1.0)"
        },
        {
          "text": "15: monzo",
          "url": "http://www.wikiwand.com/en/Monzo_(bank)",
          "fx": 278.7109375,
          "fy": 2045.1796875,
          "nodes": [],
          "category": "wiki",
          "color": "rgba(36, 170, 255, 1.0)"
        }
      ],
      "category": "wiki"
    }
  ],
  "connections": [],
  "id": 464
}