{
  "title": "learn anything - biology - physiology - homeostasis",
  "tag": "",
  "nodes": [
    {
      "text": "homeostasis",
      "url": "http://www.wikiwand.com/en/Homeostasis",
      "fx": 115.81640625,
      "fy": -142.75390625,
      "nodes": [],
      "category": "wiki"
    },
    {
      "text": "basics",
      "url": "",
      "fx": 153.93348093411544,
      "fy": -20.308991205961775,
      "nodes": [
        {
          "text": "1. explanation",
          "url": "https://www.youtube.com/watch?v=5HS66q_OA8g",
          "fx": 309.93348093411544,
          "fy": -8.808991205961775,
          "nodes": [],
          "category": "video",
          "color": "rgba(175, 54, 242, 1.0)"
        }
      ]
    }
  ],
  "connections": [
    {
      "source": "homeostasis",
      "target": "basics",
      "curve": {
        "x": -2.44146,
        "y": 59.9725
      }
    }
  ],
  "id": 130
}