{
  "title": "learn anything - biology - zoology - animals - amphibians",
  "tag": "",
  "nodes": [
    {
      "text": "amphibians",
      "url": "http://www.wikiwand.com/en/Amphibian",
      "fx": 91.5703125,
      "fy": -193.25,
      "nodes": [],
      "category": "wiki"
    },
    {
      "text": "basics",
      "url": "",
      "fx": 127.91796875,
      "fy": -47.73046875,
      "nodes": [
        {
          "text": "1. the evolution of amphibians",
          "url": "https://www.youtube.com/watch?v=AkqK2jdbduQ",
          "fx": 290.91796875,
          "fy": -35.23046875,
          "nodes": [],
          "category": "video",
          "color": "rgba(104, 255, 109, 1.0)"
        }
      ]
    }
  ],
  "connections": [
    {
      "source": "amphibians",
      "target": "basics",
      "curve": {
        "x": -2.07617,
        "y": 72.0098
      }
    }
  ],
  "id": 132
}