{
  "title": "learn anything - biology - evolution - natural selection",
  "tag": "",
  "nodes": [
    {
      "text": "natural selection",
      "url": "http://www.wikiwand.com/en/Natural_selection",
      "fx": 63.30078125,
      "fy": -86.86328125,
      "nodes": [],
      "category": "wiki"
    },
    {
      "text": "basics",
      "url": "",
      "fx": 116.5,
      "fy": 30,
      "nodes": [
        {
          "text": "1. explanation",
          "url": "https://www.youtube.com/watch?v=aTftyFboC_M",
          "fx": 272.5,
          "fy": 41.5,
          "nodes": [],
          "category": "video",
          "color": "rgba(175, 54, 242, 1.0)"
        }
      ]
    }
  ],
  "connections": [
    {
      "source": "natural selection",
      "target": "basics",
      "curve": {
        "x": 4.34961,
        "y": 58.4316
      }
    }
  ],
  "id": 96
}