{
  "title": "learn anything - biology - genetics - genetic engineering",
  "tag": "",
  "nodes": [
    {
      "text": "genetic engineering",
      "url": "http://www.wikiwand.com/en/Genetic_engineering",
      "fx": 128.37890625,
      "fy": -341.58203125,
      "nodes": [],
      "category": "wiki"
    },
    {
      "text": "CRISPR  ️",
      "url": "/biology/genetics/genetic-engineering/crispr",
      "fx": 38.01283170391207,
      "fy": -189.9466655028039,
      "nodes": [],
      "category": "mindmap"
    },
    {
      "text": "GMOs  ️",
      "url": "/biology/genetics/genetic-engineering/gmo",
      "fx": 213.6219884776567,
      "fy": -188.5225645949539,
      "nodes": [],
      "category": "mindmap"
    }
  ],
  "connections": [
    {
      "source": "genetic engineering",
      "target": "CRISPR  ️",
      "curve": {
        "x": -73.683,
        "y": 75.8177
      }
    },
    {
      "source": "genetic engineering",
      "target": "GMOs  ️",
      "curve": {
        "x": 10.6215,
        "y": 76.5297
      }
    }
  ],
  "id": 101
}