{
  "title": "learn anything - art - creative coding",
  "tag": "",
  "nodes": [
    {
      "text": "creative coding",
      "url": "http://www.wikiwand.com/en/Creative_coding",
      "fx": 35.671875,
      "fy": -427.6640625,
      "nodes": [
        {
          "text": "",
          "url": "https://www.reddit.com/r/creativecoding/",
          "fx": 299.671875,
          "fy": -433.6640625,
          "nodes": [],
          "category": "reddit",
          "color": "rgba(175, 54, 242, 1.0)"
        },
        {
          "text": "awesome",
          "url": "https://github.com/terkelg/awesome-creative-coding",
          "fx": 299.671875,
          "fy": -393.6640625,
          "nodes": [],
          "category": "github",
          "color": "rgba(36, 170, 255, 1.0)"
        }
      ],
      "category": "wiki"
    },
    {
      "text": "projects",
      "url": "",
      "fx": 198.79455321285093,
      "fy": -270.2872740964208,
      "nodes": [
        {
          "text": "primitive",
          "url": "https://github.com/fogleman/primitive",
          "fx": 368.79455321285093,
          "fy": -258.7872740964208,
          "nodes": [],
          "category": "github",
          "color": "rgba(175, 54, 242, 1.0)"
        }
      ]
    }
  ],
  "connections": [
    {
      "source": "projects",
      "target": "creative coding",
      "curve": {
        "x": -58.0613,
        "y": -77.4384
      }
    }
  ],
  "id": 14
}