{
  "title": "learn anything - computer science - data structures - arrays",
  "tag": "array data structure",
  "nodes": [
    {
      "text": "arrays",
      "url": "http://www.wikiwand.com/en/Array_data_structure",
      "fx": -60.62890625,
      "fy": -139.61328125,
      "nodes": [],
      "category": "wiki"
    },
    {
      "text": "basics",
      "url": "",
      "fx": -47.5,
      "fy": -2,
      "nodes": [
        {
          "text": "1. what is an array?",
          "url": "https://www.youtube.com/watch?v=NptnmWvkbTw",
          "fx": 108.5,
          "fy": 9.5,
          "nodes": [],
          "category": "video",
          "color": "rgba(175, 54, 242, 1.0)"
        }
      ]
    }
  ],
  "connections": [
    {
      "source": "arrays",
      "target": "basics",
      "curve": {
        "x": -8.9355,
        "y": 67.5566
      }
    }
  ],
  "id": 317
}