{
  "title": "learn anything - computer science - data structures - parse trees",
  "tag": "",
  "nodes": [
    {
      "text": "parse trees",
      "url": "http://www.wikiwand.com/en/Parse_tree",
      "fx": 128.357784708498,
      "fy": -235.9474586215415,
      "nodes": [],
      "category": "wiki"
    },
    {
      "text": "basics",
      "url": "",
      "fx": 160.98054752409848,
      "fy": -95.38346884583433,
      "nodes": [
        {
          "text": "1. explanation",
          "url": "https://www.youtube.com/watch?v=u4-rpIlV9NI",
          "fx": 323.9805475240985,
          "fy": -101.38346884583433,
          "nodes": [],
          "category": "video",
          "color": "rgba(0, 224, 161, 1.0)"
        },
        {
          "text": "1. slides on parse trees ",
          "url": "http://infolab.stanford.edu/~ullman/ialc/spr10/slides/cfl2.pdf",
          "fx": 323.9805475240985,
          "fy": -59.38346884583433,
          "nodes": [],
          "color": "rgba(104, 255, 109, 1.0)"
        }
      ]
    }
  ],
  "connections": [
    {
      "source": "parse trees",
      "target": "basics",
      "curve": {
        "x": -3.43862,
        "y": 69.532
      }
    }
  ],
  "id": 326
}