{
  "title": "learn anything - design - computer-aided design - autocad",
  "tag": "AutoCAD",
  "nodes": [
    {
      "text": "AutoCAD",
      "url": "http://www.wikiwand.com/en/AutoCAD",
      "fx": -119.94140625,
      "fy": -373.2890625,
      "nodes": [],
      "category": "wiki"
    },
    {
      "text": "basics",
      "note": "",
      "url": "",
      "fx": -99.76171875,
      "fy": -237.26171875,
      "nodes": [
        {
          "text": "1. learn AutoCAD for free",
          "url": "https://www.mycadsite.com/tutorials/",
          "fx": 82.23828125,
          "fy": -222.76171875,
          "nodes": [],
          "color": "rgba(175, 54, 242, 1.0)"
        }
      ]
    }
  ],
  "connections": [
    {
      "source": "AutoCAD",
      "target": "basics",
      "curve": {
        "x": -3.91016,
        "y": 66.7637
      }
    }
  ],
  "id": 420
}