{
  "title": "learn anything - biology - astrobiology",
  "tag": "",
  "nodes": [
    {
      "text": "astrobiology",
      "url": "http://www.wikiwand.com/en/Astrobiology",
      "fx": -81.62890625,
      "fy": -130.76953125,
      "nodes": [],
      "category": "wiki"
    },
    {
      "text": "basics",
      "url": "",
      "fx": -46.5,
      "fy": -2,
      "nodes": [
        {
          "text": "1. what is astrobiology?",
          "url": "https://www.youtube.com/watch?v=eJTfcV1ZceE",
          "fx": 109.5,
          "fy": 9.5,
          "nodes": [],
          "category": "video",
          "color": "rgba(175, 54, 242, 1.0)"
        }
      ]
    },
    {
      "text": "extraterrestrial life  ️",
      "url": "/biology/astrobiology/extraterrestrial-life",
      "fx": -213.3623046875,
      "fy": 140.7548828125,
      "nodes": [],
      "category": "mindmap"
    }
  ],
  "connections": [
    {
      "source": "astrobiology",
      "target": "basics",
      "curve": {
        "x": -2.68555,
        "y": 63.1348
      }
    },
    {
      "source": "basics",
      "target": "extraterrestrial life  ️",
      "curve": {
        "x": -58.4312,
        "y": 71.3774
      }
    }
  ],
  "id": 89
}