{
  "title": "learn anything - biology - mathematical biology",
  "tag": "",
  "nodes": [
    {
      "text": "mathematical biology",
      "url": "http://www.wikiwand.com/en/Mathematical_and_theoretical_biology",
      "fx": 111.87109375,
      "fy": -318.98828125,
      "nodes": [],
      "category": "wiki"
    },
    {
      "text": "basics",
      "url": "",
      "fx": 192.39420572916652,
      "fy": -153.3434244791501,
      "nodes": [
        {
          "text": "1. mathematical biology by UCI",
          "url": "https://www.youtube.com/watch?v=Lp3T4DtAyOo&amp;list=PLqOZ6FD_RQ7lnGZ7fkn503y_7U4rrJ-Se&amp;index=2",
          "fx": 355.3942057291665,
          "fy": -140.8434244791501,
          "nodes": [],
          "category": "course",
          "color": "rgba(104, 255, 109, 1.0)"
        }
      ]
    }
  ],
  "connections": [
    {
      "source": "mathematical biology",
      "target": "basics",
      "curve": {
        "x": -3.98844,
        "y": 82.0724
      }
    }
  ],
  "id": 107
}