{
  "title": "learn anything - biology - microbiology",
  "tag": "",
  "nodes": [
    {
      "text": "microbiology",
      "url": "http://www.wikiwand.com/en/Microbiology",
      "fx": -90.16796875,
      "fy": -197.51171875,
      "nodes": [],
      "category": "wiki"
    },
    {
      "text": "basics",
      "url": "",
      "fx": -48.5,
      "fy": -63.3984375,
      "nodes": [
        {
          "text": "1. overview",
          "url": "https://www.youtube.com/watch?v=ThU9Ckp1mB8",
          "fx": 107.5,
          "fy": -51.8984375,
          "nodes": [],
          "category": "video",
          "color": "rgba(175, 54, 242, 1.0)"
        }
      ]
    }
  ],
  "connections": [
    {
      "source": "microbiology",
      "target": "basics",
      "curve": {
        "x": -0.666016,
        "y": 65.8066
      }
    }
  ],
  "id": 108
}