{
  "title": "learn anything - computer science",
  "tag": "",
  "nodes": [
    {
      "text": "computer science",
      "url": "http://www.wikiwand.com/en/Computer_science",
      "fx": 733.7913709696775,
      "fy": -1136.8008841869885,
      "nodes": [
        {
          "text": "️",
          "url": "https://cs.stackexchange.com/",
          "fx": 1022.7913709696775,
          "fy": -1182.8008841869885,
          "nodes": [],
          "category": "stack exchange",
          "color": "rgba(255, 189, 10, 1.0)"
        },
        {
          "text": "",
          "url": "https://www.reddit.com/r/compsci/",
          "fx": 1022.7913709696775,
          "fy": -1142.8008841869885,
          "nodes": [],
          "category": "reddit",
          "color": "rgba(36, 170, 255, 1.0)"
        },
        {
          "text": "ask cs",
          "url": "https://www.reddit.com/r/AskComputerScience/",
          "fx": 1022.7913709696775,
          "fy": -1102.8008841869885,
          "nodes": [],
          "category": "reddit",
          "color": "rgba(34, 205, 224, 1.0)"
        },
        {
          "text": "awesome",
          "url": "https://github.com/open-source-society/computer-science",
          "fx": 1022.7913709696775,
          "fy": -1062.8008841869885,
          "nodes": [],
          "category": "github",
          "color": "rgba(209, 21, 88, 1.0)"
        }
      ],
      "category": "wiki"
    },
    {
      "text": "help",
      "url": "",
      "fx": 941.5723114013672,
      "fy": -947.139892578125,
      "nodes": [
        {
          "text": "cs student resources",
          "url": "http://www.computersciencestudent.com/",
          "fx": 1078.5723114013672,
          "fy": -997.639892578125,
          "nodes": [],
          "color": "rgba(175, 54, 242, 1.0)"
        },
        {
          "text": "cs concept map",
          "url": "https://fkcd.ca/b7d.svg",
          "fx": 1078.5723114013672,
          "fy": -963.639892578125,
          "nodes": [],
          "color": "rgba(36, 170, 255, 1.0)"
        },
        {
          "text": "notes to cs freshmen from the future",
          "url": "https://github.com/nushackers/notes-to-cs-freshmen-from-the-future",
          "fx": 1078.5723114013672,
          "fy": -929.639892578125,
          "nodes": [],
          "color": "rgba(209, 21, 88, 1.0)"
        },
        {
          "text": "papers we love",
          "url": "https://github.com/papers-we-love/papers-we-love",
          "fx": 1078.5723114013672,
          "fy": -873.639892578125,
          "nodes": [],
          "category": "github",
          "color": "rgba(49, 187, 71, 1.0)"
        }
      ]
    },
    {
      "text": "articles",
      "url": "",
      "fx": 1052.5062844047186,
      "fy": -774.868876906851,
      "nodes": [
        {
          "text": "what every cs major should know  ️",
          "url": "http://matt.might.net/articles/what-cs-majors-should-know/",
          "fx": 1214.5062844047186,
          "fy": -805.368876906851,
          "nodes": [],
          "category": "article",
          "color": "rgba(175, 54, 242, 1.0)"
        },
        {
          "text": "17: teach yourself computer science  ️",
          "url": "https://teachyourselfcs.com/",
          "fx": 1214.5062844047186,
          "fy": -743.368876906851,
          "nodes": [],
          "category": "article",
          "color": "rgba(36, 170, 255, 1.0)"
        }
      ]
    },
    {
      "text": "basics",
      "note": "",
      "url": "",
      "fx": 743.7324893793616,
      "fy": -491.9691290266063,
      "nodes": [
        {
          "text": "1. map of computer science",
          "url": "https://www.youtube.com/watch?v=SzJ46YA_RaA",
          "fx": 925.7324893793616,
          "fy": -630.4691290266063,
          "nodes": [],
          "category": "video",
          "color": "rgba(175, 54, 242, 1.0)"
        },
        {
          "text": "1. code: hidden language",
          "note": "goes over what a computer actually is and what it is made of, starting from the beginning",
          "url": "https://bobcarp.files.wordpress.com/2014/07/code-charles-petzold.pdf",
          "fx": 925.7324893793616,
          "fy": -590.4691290266063,
          "nodes": [],
          "category": "free book",
          "color": "rgba(175, 54, 242, 1.0)"
        },
        {
          "text": "1. CS50 from Harvard",
          "note": "first 6 lectures are done in C, the rest are in python",
          "url": "https://cs50.harvard.edu/weeks",
          "fx": 925.7324893793616,
          "fy": -550.4691290266063,
          "nodes": [],
          "category": "course",
          "color": "rgba(209, 21, 88, 1.0)"
        },
        {
          "text": "2. structure and interpretation of computer programs",
          "url": "http://sarabander.github.io/sicp/html/index.xhtml",
          "fx": 925.7324893793616,
          "fy": -510.4691290266063,
          "nodes": [
            {
              "text": "SICP guide",
              "url": "https://github.com/zv/SICP-guile",
              "fx": 1262.7324893793616,
              "fy": -499.4691290266063,
              "nodes": [],
              "category": "github",
              "color": "rgba(36, 170, 255, 1.0)"
            }
          ],
          "category": "free book",
          "color": "rgba(36, 170, 255, 1.0)"
        },
        {
          "text": "2. crash course computer science",
          "url": "https://www.youtube.com/watch?v=tpIctyqH29Q&amp;list=PL8dPuuaLjXtNlUrzyH5r6jN9ulIgZBpdo",
          "fx": 925.7324893793616,
          "fy": -448.4691290266063,
          "nodes": [],
          "category": "video",
          "color": "rgba(49, 187, 71, 1.0)"
        },
        {
          "text": "3. build a computer from first principles",
          "note": "will take you from constructing elementary logic gates all the way through creating a fully functioning general purpose computer",
          "url": "https://www.coursera.org/learn/build-a-computer",
          "fx": 925.7324893793616,
          "fy": -408.4691290266063,
          "nodes": [],
          "category": "course",
          "color": "rgba(255, 189, 10, 1.0)"
        },
        {
          "text": "3. mathematics for computer science",
          "note": "goes over the mathematical foundation that you need to do research in this field",
          "url": "https://courses.csail.mit.edu/6.042/spring17/mcs.pdf",
          "fx": 925.7324893793616,
          "fy": -346.4691290266063,
          "nodes": [],
          "color": "rgba(34, 205, 224, 1.0)"
        }
      ]
    },
    {
      "text": "algorithms  ️",
      "note": "is an effective method that can be expressed within a finite amount of space and time and in a well defined formal language for calculating a function  starting from an initial state and initial input (perhaps empty), the instructions describe a computation that, when executed, proceeds through a finite number of well defined successive steps, eventually producing ‘output’ and terminating at a final ending state  they are essential to the way computers process data  they can be expressed in many kinds of notation, including  - natural languages - pseudocode - flowcharts - drakon-charts - programming languages - control tables  most algorithms are intended to be implemented as computer programs  however some are implemented as a biological neural network (for example, the human brain implementing arithmetic or an insect looking for food), in an electrical circuit, or in a mechanical device",
      "url": "/computer-science/algorithms",
      "fx": 140.81180426139383,
      "fy": -238.313236705044,
      "nodes": [],
      "category": "mindmap"
    },
    {
      "text": "compilers  ️",
      "note": "are computer programs (or a set of programs) that transform source code written in a programming language (the source language) into another computer language (the target language), with the latter often having a binary form known as object code",
      "url": "/computer-science/compilers",
      "fx": 351.78001418057045,
      "fy": -238.01228051436567,
      "nodes": [],
      "category": "mindmap"
    },
    {
      "text": "programming language theory  ️",
      "url": "/computer-science/programming-language-theory",
      "fx": 797.8155822753906,
      "fy": -236.89764785766602,
      "nodes": [],
      "category": "mindmap"
    },
    {
      "text": "data structures  ️",
      "note": "is a particular way of organising data in a computer so that it can be used efficiently  can implement one or more particular abstract data types (ADT), which specify the operations that can be performed on a data structure and the computational complexity of those operations  a data structure is a concrete implementation of the specification provided by an ADT  are generally based on the ability of a computer to fetch and store data at any place ints its memory, specified by a pointer (a bit string, representing a memory address), that can be itself stored in memory and manipulated by the program  implementation of a data structure usually requires writing a set of procedures that create and manipulate instances of that structure",
      "url": "/computer-science/data-structures",
      "fx": -105.10284015379466,
      "fy": -235.44336700439453,
      "nodes": [],
      "category": "mindmap"
    },
    {
      "text": "virtual machines  ️",
      "url": "/computer-science/virtual-machines",
      "fx": -350.49400795305667,
      "fy": -234.8864814073529,
      "nodes": [],
      "category": "mindmap"
    },
    {
      "text": "computation  ️",
      "note": "computation is any type of calculation that follows a well-defined model understood and expressed as, for example, an algorithm",
      "url": "/computer-science/computation",
      "fx": 568.0502079441524,
      "fy": -234.0604268416771,
      "nodes": [],
      "category": "mindmap"
    },
    {
      "text": "concurrency  ️",
      "note": "is the decomposability property of a program, algorithm or problem into order-independent or partially-ordered components or units  this means that even if the concurrent units of the program, algorithm, or problem are executed out-of-order or in partial order, the final outcome will remain the same  this allows for parallel execution of the concurrent units  design of concurrent systems often entails finding reliable techniques for coordinating their execution, data exchange, memory allocation and execution scheduling to minimise response time and maxima throughput",
      "url": "/computer-science/concurrency",
      "fx": -565.6000219580799,
      "fy": -233.11078847544468,
      "nodes": [],
      "category": "mindmap"
    },
    {
      "text": "recursion  ️",
      "url": "/computer-science/recursion",
      "fx": -737.4726867675781,
      "fy": -232.43364715576172,
      "nodes": [],
      "category": "mindmap"
    },
    {
      "text": "program analysis  ️",
      "url": "/computer-science/program-analysis",
      "fx": -966.6029052734375,
      "fy": -231.18944549560547,
      "nodes": [],
      "category": "mindmap"
    },
    {
      "text": "automata theory  ️",
      "url": "/computer-science/automata-theory",
      "fx": -1189.683948863636,
      "fy": -228.35179924242425,
      "nodes": [],
      "category": "mindmap"
    }
  ],
  "connections": [
    {
      "source": "computer science",
      "target": "basics",
      "curve": {
        "x": -28.2795,
        "y": 321.167
      }
    },
    {
      "source": "help",
      "target": "computer science",
      "curve": {
        "x": -65.8905,
        "y": -93.5802
      }
    },
    {
      "source": "basics",
      "target": "algorithms  ️",
      "curve": {
        "x": -285.211,
        "y": 128.078
      }
    },
    {
      "source": "articles",
      "target": "help",
      "curve": {
        "x": -89.7795,
        "y": -78.8386
      }
    },
    {
      "source": "basics",
      "target": "programming language theory  ️",
      "curve": {
        "x": 42.4515,
        "y": 152.197
      }
    },
    {
      "source": "basics",
      "target": "data structures  ️",
      "curve": {
        "x": -455.754,
        "y": 121.282
      }
    },
    {
      "source": "basics",
      "target": "compilers  ️",
      "curve": {
        "x": -181.977,
        "y": 126.977
      }
    },
    {
      "source": "basics",
      "target": "virtual machines  ️",
      "curve": {
        "x": -606.122,
        "y": 126.52
      }
    },
    {
      "source": "basics",
      "target": "computation  ️",
      "curve": {
        "x": -80.3411,
        "y": 128.954
      }
    },
    {
      "source": "basics",
      "target": "concurrency  ️",
      "curve": {
        "x": -788.062,
        "y": 99.7325
      }
    },
    {
      "source": "basics",
      "target": "recursion  ️",
      "curve": {
        "x": -1001.31,
        "y": 61.7404
      }
    },
    {
      "source": "basics",
      "target": "program analysis  ️",
      "curve": {
        "x": -1136.71,
        "y": 55.9682
      }
    },
    {
      "source": "basics",
      "target": "automata theory  ️",
      "curve": {
        "x": -1211.14,
        "y": -27.0266
      }
    }
  ],
  "id": 353
}