{
  "title": "learn anything - earth science",
  "tag": "",
  "nodes": [
    {
      "text": "earth science",
      "note": "",
      "url": "http://www.wikiwand.com/en/Earth_science",
      "fx": -281.4799268424856,
      "fy": -177.81554822976898,
      "nodes": [
        {
          "text": "️",
          "url": "https://earthscience.stackexchange.com/",
          "fx": -7.479926842485611,
          "fy": -163.81554822976898,
          "nodes": [],
          "category": "stack exchange",
          "color": "rgba(175, 54, 242, 1.0)"
        }
      ],
      "category": "wiki"
    },
    {
      "text": "geology  ️",
      "url": "/earth-science/geology",
      "fx": -371.19443190028903,
      "fy": -44.28436596820825,
      "nodes": [],
      "category": "mindmap"
    },
    {
      "text": "atmospheric sciences  ️",
      "url": "/earth-science/atmospheric-sciences",
      "fx": -205.84662356321837,
      "fy": -37.94169061307542,
      "nodes": [],
      "category": "mindmap"
    }
  ],
  "connections": [
    {
      "source": "earth science",
      "target": "geology  ️",
      "curve": {
        "x": -64.3573,
        "y": 65.5156
      }
    },
    {
      "source": "earth science",
      "target": "atmospheric sciences  ️",
      "curve": {
        "x": 43.0667,
        "y": 68.6869
      }
    }
  ],
  "id": 456
}