{
  "title": "learn anything - cryptography - zero-knowledge proofs",
  "tag": "zero-knowledge proofs",
  "nodes": [
    {
      "text": "zero-knowledge proof",
      "url": "http://www.wikiwand.com/en/Zero-knowledge_proof",
      "fx": -186.875,
      "fy": -299.0859375,
      "nodes": [],
      "category": "wiki"
    },
    {
      "text": "basics",
      "url": "",
      "fx": -110.00727658769745,
      "fy": -171.26686874635328,
      "nodes": [
        {
          "text": "1. zero knowledge proofs",
          "url": "https://www.youtube.com/watch?v=0Sy6nb72gCk",
          "fx": 45.99272341230255,
          "fy": -159.76686874635328,
          "nodes": [],
          "category": "video",
          "color": "rgba(175, 54, 242, 1.0)"
        }
      ]
    }
  ],
  "connections": [
    {
      "source": "zero-knowledge proof",
      "target": "basics",
      "curve": {
        "x": -3.81614,
        "y": 62.6595
      }
    }
  ],
  "id": 375
}