{
  "title": "learn anything - biology - organisms - sex - reproductive systems",
  "tag": "",
  "nodes": [
    {
      "text": "reproductive systems",
      "url": "http://www.wikiwand.com/en/Reproductive_system",
      "fx": 110.15699800531922,
      "fy": -169.89345079787228,
      "nodes": [],
      "category": "wiki"
    },
    {
      "text": "basics",
      "url": "",
      "fx": 186.22340425531934,
      "fy": -41.40425531908335,
      "nodes": [
        {
          "text": "1. female reproductive system",
          "url": "https://www.youtube.com/watch?v=RFDatCchpus",
          "fx": 342.22340425531934,
          "fy": -49.90425531908335,
          "nodes": [],
          "category": "video",
          "color": "rgba(175, 54, 242, 1.0)"
        },
        {
          "text": "1. male reproductive system",
          "url": "https://www.youtube.com/watch?v=-XQcnO4iX_U",
          "fx": 342.22340425531934,
          "fy": -9.904255319083347,
          "nodes": [],
          "category": "video",
          "color": "rgba(36, 170, 255, 1.0)"
        }
      ]
    }
  ],
  "connections": [
    {
      "source": "reproductive systems",
      "target": "basics",
      "curve": {
        "x": -2.9668,
        "y": 62.9946
      }
    }
  ],
  "id": 125
}