{
  "title": "learn anything",
  "tag": "everything",
  "nodes": [
    {
      "text": "information theory  ️",
      "url": "/information-theory",
      "fx": 282.3275790901821,
      "fy": -1120.9336170238978,
      "nodes": [],
      "category": "mindmap"
    },
    {
      "text": "cryptocurrency  ️",
      "note": "is a digital asset designed to work as a medium of exchange using cryptography to secure the transactions and to control the creation of additional units of the currency",
      "url": "/cryptocurrency",
      "fx": -425.7256851533871,
      "fy": -1092.4049496270914,
      "nodes": [],
      "category": "mindmap"
    },
    {
      "text": "agriculture  ️",
      "url": "/agriculture",
      "fx": -904.8502837324556,
      "fy": -1029.202995907944,
      "nodes": [],
      "category": "mindmap"
    },
    {
      "text": "security  ️",
      "note": "is the degree of resistance to, or protection from harm",
      "url": "/security",
      "fx": -184.78524910243232,
      "fy": -1021.9899702494124,
      "nodes": [],
      "category": "mindmap"
    },
    {
      "text": "communication  ️",
      "url": "/communication",
      "fx": 973.9816986827127,
      "fy": -1001.4748844383039,
      "nodes": [],
      "category": "mindmap"
    },
    {
      "text": "data science  ️",
      "note": "studies scientific methods, processes and systems to extract knowledge or insights from data in various forms, either structured or unstructured",
      "url": "/data-science",
      "fx": 9.71485833362135,
      "fy": -998.9236348920165,
      "nodes": [],
      "category": "mindmap"
    },
    {
      "text": "entrepreneurship  ️",
      "note": "is the process of designing, launching and running a new business, which typically begins as a small business, such as a startup company, offering a product, process or service for sale or hire",
      "url": "/entrepreneurship",
      "fx": -671.2807999332395,
      "fy": -996.7211353673343,
      "nodes": [],
      "category": "mindmap"
    },
    {
      "text": "natural language processing  ️",
      "note": "studies the interactions between computers and human (natural) languages",
      "url": "/natural-language-processing",
      "fx": 267.99464781094593,
      "fy": -1003.6946150518099,
      "nodes": [],
      "category": "mindmap"
    },
    {
      "text": "linguistics  ️",
      "note": "study of language and its structure including study of grammar, syntax and phonetics",
      "url": "/linguistics",
      "fx": 687.1992799201898,
      "fy": -983.5239241608474,
      "nodes": [],
      "category": "mindmap"
    },
    {
      "text": "cognitive science  ️",
      "url": "/cognitive-science",
      "fx": -882.6302185058594,
      "fy": -922.6456451416016,
      "nodes": [],
      "category": "mindmap"
    },
    {
      "text": "games  ️",
      "note": "are structured forms of play, usually undertaken for enjoyment and sometimes used as an educational tool",
      "url": "/games",
      "fx": 1132.7493048473807,
      "fy": -922.0224822727978,
      "nodes": [],
      "category": "mindmap"
    },
    {
      "text": "anthropology  ️",
      "note": "is the study of various aspects of humans within past and present societies",
      "url": "/anthropology",
      "fx": -1186.6264880695178,
      "fy": -908.1245078027775,
      "nodes": [],
      "category": "mindmap"
    },
    {
      "text": "cryptography  ️",
      "note": "practice and study of hiding information, is used to try and keep information secret and safe  linear algebra",
      "url": "/cryptography",
      "fx": -170.99125224088107,
      "fy": -905.6773511498378,
      "nodes": [],
      "category": "mindmap"
    },
    {
      "text": "economics  ️",
      "note": "is concerned with description and analysis of the production, distribution, and consumption of goods and services",
      "url": "/economics",
      "fx": -437.2018422827259,
      "fy": -905.3956725534085,
      "nodes": [],
      "category": "mindmap"
    },
    {
      "text": "computer vision  ️",
      "note": "deals with how computers can be made for gaining high-level understanding from digital images or videos  it seeks to automate tasks that the human visual system can do",
      "url": "/computer-vision",
      "fx": 806.5856682431386,
      "fy": -899.8320169364456,
      "nodes": [],
      "category": "mindmap"
    },
    {
      "text": "artificial intelligence  ️",
      "note": "is the study of ‘intelligent agents’ (any device that perceives its environment and takes actions that maximise its chance of success at some goal)",
      "url": "/artificial-intelligence",
      "fx": 456.80516320130255,
      "fy": -872.6623545958932,
      "nodes": [],
      "category": "mindmap"
    },
    {
      "text": "machine learning  ️",
      "note": "gives computer the ability to learn without being explicitly programmed  linear algebra statistics",
      "url": "/machine-learning",
      "fx": 94.6584016918082,
      "fy": -866.1504624628388,
      "nodes": [],
      "category": "mindmap"
    },
    {
      "text": "biology  ️",
      "note": "is concerned with the study of life and living organisms, including their structure, function, growth, evolution, distribution, identification and taxonomy",
      "url": "/biology",
      "fx": -734.8931233904002,
      "fy": -836.7148049953764,
      "nodes": [],
      "category": "mindmap"
    },
    {
      "text": "marketing  ️",
      "note": "is the study and management of exchange relationships",
      "url": "/marketing",
      "fx": -1255.627631666629,
      "fy": -819.5651163225882,
      "nodes": [],
      "category": "mindmap"
    },
    {
      "text": "psychology  ️",
      "note": "is the science of behavior and mind, embracing all aspects of conscious and unconscious experience as well as thought",
      "url": "/psychology",
      "fx": -953.004150390625,
      "fy": -810.3004455566406,
      "nodes": [],
      "category": "mindmap"
    },
    {
      "text": "chemistry  ️",
      "note": "is a branch of physical science that studies the composition, structure, properties and change of matter  it includes topics such as the properties of individual atoms, how atoms form chemical bonds to create chemical compounds, the interactions of substances through intermolecular forces that give matter its general properties, and the interactions between substances through chemical reactions to form different substances",
      "url": "/chemistry",
      "fx": -530.3763361567949,
      "fy": -809.0384518783704,
      "nodes": [],
      "category": "mindmap"
    },
    {
      "text": "game development  ️",
      "note": "is the process of creating a video game  first video games were developed in the 1960s, but required mainframe computers and were not available to the general public",
      "url": "/game-development",
      "fx": 953.4168377091396,
      "fy": -807.5058975894895,
      "nodes": [],
      "category": "mindmap"
    },
    {
      "text": "computer graphics  ️",
      "note": "are pictures and films created using computers  it refers to computer-generated image data created with help from specialised graphical hardware and software  linear algebra",
      "url": "/computer-graphics",
      "fx": 608.9173134059233,
      "fy": -773.1114540454149,
      "nodes": [],
      "category": "mindmap"
    },
    {
      "text": "mathematics  ️",
      "note": "study of numbers, shapes and patterns  to a mathematician, the reason something is true is just as important as the fact that it is true  it includes the study of :  numbers (i.e. 3 + 6 = 9)   change (how things become different over time)  it uses logic, paper and calculator  a proof gives a reason why a rule in mathematics is correct  sometimes, math finds and studies rules or ideas in the real world that we don’t understand yet  studying the rules and ideas of mathematics can help us understand the world better",
      "url": "/mathematics",
      "fx": -16.075381447783457,
      "fy": -772.7443618099246,
      "nodes": [],
      "category": "mindmap"
    },
    {
      "text": "physics  ️",
      "note": "is involved with the study of matter and its motion and behaviour through space and time, lagoon with related concepts such as energy and force  its fundamental goal is to understand how the universe behaves  mathematics",
      "url": "/physics",
      "fx": -293.8307602468842,
      "fy": -764.0052950698719,
      "nodes": [],
      "category": "mindmap"
    },
    {
      "text": "computer science  ️",
      "note": "is the study of the theory, experimentation and engineering that form the basis for the design and use of computers  it is the study of automating algorithmic processes that scale",
      "url": "/computer-science",
      "fx": 275.7366736409663,
      "fy": -754.9780090993289,
      "nodes": [],
      "category": "mindmap"
    },
    {
      "text": "management  ️",
      "note": "is the administration of an organisation, whether it be a business, a not-for-profit organisation, or government body",
      "url": "/management",
      "fx": -1284.051528930664,
      "fy": -729.6961975097656,
      "nodes": [],
      "category": "mindmap"
    },
    {
      "text": "health  ️",
      "note": "is the level of functional and metabolic efficiency of a living organism",
      "url": "/health",
      "fx": -666.246910635349,
      "fy": -700.7776344771934,
      "nodes": [],
      "category": "mindmap"
    },
    {
      "text": "virtual reality  ️",
      "note": "typically refers to computer technologies that use virtual reality headsets to generate the realistic images, sounds and other sensations that replicate a real environment or create an imaginary setting",
      "url": "/virtual-reality",
      "fx": 985.2779509520342,
      "fy": -690.4677908180623,
      "nodes": [],
      "category": "mindmap"
    },
    {
      "text": "engineering  ️",
      "note": "is the application of mathematics and scientific, economic, social, and practical knowledge in order to invent, innovate, design, build, maintain, research, and improve structures, machines, tools, systems, components, materials, processes, solutions, and organizations",
      "url": "/engineering",
      "fx": -113.61797006995289,
      "fy": -679.1031457681573,
      "nodes": [],
      "category": "mindmap"
    },
    {
      "text": "law  ️",
      "note": "is a system of rules that are created and enforced through social or governmental institutions to regulate behavior",
      "url": "/law",
      "fx": -1062.469498760932,
      "fy": -661.5670945159102,
      "nodes": [],
      "category": "mindmap"
    },
    {
      "text": "network science  ️",
      "note": "is an academic field which studies complex networks such as telecommunication networks, computer networks, biological networks, cognitive and semantic networks, and social networks, considering distinct elements or actors represented by nodes (or vertices) and the connections between the elements or actors as links (or edges)",
      "url": "/network-science",
      "fx": 568.7558738235875,
      "fy": -659.6277490126347,
      "nodes": [],
      "category": "mindmap"
    },
    {
      "text": "databases  ️",
      "note": "are organised collections of data  they are a collection of schemas, tables, queries, reports, views, and other objects",
      "url": "/databases",
      "fx": 114.6142839414888,
      "fy": -645.082358976381,
      "nodes": [],
      "category": "mindmap"
    },
    {
      "text": "neuroscience  ️",
      "note": "is the scientific study of the nervous system  deals with the anatomy, biochemistry, molecular biology, and physiology of neurons and neural circuits",
      "url": "/neuroscience",
      "fx": -871.8275166739402,
      "fy": -620.9969255565542,
      "nodes": [],
      "category": "mindmap"
    },
    {
      "text": "history  ️",
      "note": "is the study of the past as it is described in written documents  it is best we learn from the mistakes done already so to not repeat them again",
      "url": "/history",
      "fx": -1311.6079036746407,
      "fy": -613.6650373070642,
      "nodes": [],
      "category": "mindmap"
    },
    {
      "text": "environmental science  ️",
      "note": "is the study of the environment and the solutions of environmental problems",
      "url": "/environmental-science",
      "fx": -396.392433639121,
      "fy": -603.6720488556718,
      "nodes": [],
      "category": "mindmap"
    },
    {
      "text": "distributed computing  ️",
      "note": "a distributed system is a model in which components located on networked computers communicate and coordinate their actions by passing messages  the components interact with each other in order to achieve a common goal",
      "url": "/distributed-computing",
      "fx": 892.1895527475413,
      "fy": -586.5274319575095,
      "nodes": [],
      "category": "mindmap"
    },
    {
      "text": "medicine  ️",
      "note": "is the science and practice of the diagnosis, treatment, and prevention of disease",
      "url": "/medicine",
      "fx": -598.5126972029695,
      "fy": -582.5853671858795,
      "nodes": [],
      "category": "mindmap"
    },
    {
      "text": "sociology  ️",
      "note": "study of social behaviour or society, including its origins, development, organisation, networks and institutions",
      "url": "/sociology",
      "fx": -1092.7589646060924,
      "fy": -574.6789078163888,
      "nodes": [],
      "category": "mindmap"
    },
    {
      "text": "operating systems  ️",
      "note": "programming computer science",
      "url": "/operating-systems",
      "fx": 169.61640930175736,
      "fy": -552.217329582282,
      "nodes": [],
      "category": "mindmap"
    },
    {
      "text": "programming  ️",
      "note": "is a process that leads from an original formulation of a computing problem to executable computer programs  computer science",
      "url": "/programming",
      "fx": 505.9275233175904,
      "fy": -545.133306790242,
      "nodes": [],
      "category": "mindmap"
    },
    {
      "text": "architecture  ️",
      "note": "is both the process and the product of planning, designing, and constructing buildings and other physical structures",
      "url": "/architecture",
      "fx": -57.05449423325831,
      "fy": -530.5397573825533,
      "nodes": [],
      "category": "mindmap"
    },
    {
      "text": "art  ️",
      "note": "is a diverse range of human activities in creating visual, auditory or performing artifacts (artworks), expressing the author's imaginative or technical skill, intended to be appreciated for their beauty or emotional power",
      "url": "/art",
      "fx": -612.4747201024961,
      "fy": -487.01357073488464,
      "nodes": [],
      "category": "mindmap"
    },
    {
      "text": "philosophy  ️",
      "note": "is the study of general and fundamental problems concerning matters such as existence, knowledge, values, reason, mind, and language",
      "url": "/philosophy",
      "fx": -905.3300009334785,
      "fy": -478.72714449452064,
      "nodes": [],
      "category": "mindmap"
    },
    {
      "text": "web development  ️",
      "note": "is a broad term for the work involved in developing a web site for the Internet (World Wide Web) or an intranet (a private network)  it can range from developing the simplest static single page of plain text to the most complex web-based internet applications, electronic businesses, and social network services",
      "url": "/web-development",
      "fx": 835.5853838625203,
      "fy": -477.2308987642806,
      "nodes": [],
      "category": "mindmap"
    },
    {
      "text": "journalism  ️",
      "url": "/journalism",
      "fx": -1236.8859531376186,
      "fy": -467.7066639773749,
      "nodes": [],
      "category": "mindmap"
    },
    {
      "text": "infrastructure  ️",
      "note": "refers to the fundamental facilities and systems serving a country, city or area, including the services and facilities necessary for its economy to function",
      "url": "/infrastructure",
      "fx": -322.4994712762066,
      "fy": -454.90020549402834,
      "nodes": [],
      "category": "mindmap"
    },
    {
      "text": "control systems  ️",
      "url": "/control-systems",
      "fx": 226.12958850691757,
      "fy": -441.80956207545455,
      "nodes": [],
      "category": "mindmap"
    },
    {
      "text": "design  ️",
      "note": "is the creation of a plan or convention for the construction of an object, system or measurable human interaction   design is not just what it looks like and feels like  design is how it works",
      "url": "/design",
      "fx": 8.85257335257711,
      "fy": -422.94003579468836,
      "nodes": [],
      "category": "mindmap"
    },
    {
      "text": "life  ️",
      "url": "/life",
      "fx": -1054.824694608165,
      "fy": -393.8946077464959,
      "nodes": [],
      "category": "mindmap"
    },
    {
      "text": "software  ️",
      "url": "/software",
      "fx": 796.1570704637379,
      "fy": -389.90505893673526,
      "nodes": [],
      "category": "mindmap"
    },
    {
      "text": "more  ️",
      "url": "/more",
      "fx": -911.1436940242266,
      "fy": -381.1363814952392,
      "nodes": [],
      "category": "mindmap"
    },
    {
      "text": "earth science  ️",
      "url": "/earth-science",
      "fx": -502.8405079799418,
      "fy": -379.5102846938953,
      "nodes": [],
      "category": "mindmap"
    },
    {
      "text": "computer hardware  ️",
      "note": "is the collection of physical components that constitute a computer system",
      "url": "/computer-hardware",
      "fx": 493.3338253054999,
      "fy": -355.77660147067706,
      "nodes": [],
      "category": "mindmap"
    },
    {
      "text": "space science  ️",
      "url": "/space-science",
      "fx": -200.8650434882236,
      "fy": -336.1912678406301,
      "nodes": [],
      "category": "mindmap"
    },
    {
      "text": "geography  ️",
      "url": "/geography",
      "fx": -743.9046477982122,
      "fy": -335.5481347236823,
      "nodes": [],
      "category": "mindmap"
    },
    {
      "text": "systems theory  ️",
      "url": "/systems-theory",
      "fx": 66.90548799861654,
      "fy": -330.3017074485298,
      "nodes": [],
      "category": "mindmap"
    }
  ],
  "connections": [
    {
      "source": "machine learning  ️",
      "target": "mathematics  ️",
      "curve": {
        "x": -72.1173,
        "y": 46.7037
      }
    },
    {
      "source": "cryptography  ️",
      "target": "mathematics  ️",
      "curve": {
        "x": 70.4579,
        "y": 66.4662
      }
    },
    {
      "source": "physics  ️",
      "target": "mathematics  ️",
      "curve": {
        "x": 145.128,
        "y": -4.36992
      }
    },
    {
      "source": "computer science  ️",
      "target": "mathematics  ️",
      "curve": {
        "x": -158.906,
        "y": -8.88317
      }
    },
    {
      "source": "machine learning  ️",
      "target": "computer science  ️",
      "curve": {
        "x": 86.789,
        "y": 55.5862
      }
    },
    {
      "source": "programming  ️",
      "target": "computer science  ️",
      "curve": {
        "x": -103.096,
        "y": -104.922
      }
    },
    {
      "source": "operating systems  ️",
      "target": "programming  ️",
      "curve": {
        "x": 149.155,
        "y": 3.54204
      }
    },
    {
      "source": "operating systems  ️",
      "target": "computer science  ️",
      "curve": {
        "x": 110.828,
        "y": -95.0372
      }
    },
    {
      "source": "web development  ️",
      "target": "network science  ️",
      "curve": {
        "x": -141.832,
        "y": -79.2791
      }
    },
    {
      "source": "network science  ️",
      "target": "computer science  ️",
      "curve": {
        "x": -154.01,
        "y": -47.6753
      }
    },
    {
      "source": "chemistry  ️",
      "target": "physics  ️",
      "curve": {
        "x": 119.772,
        "y": 22.5164
      }
    },
    {
      "source": "game development  ️",
      "target": "computer graphics  ️",
      "curve": {
        "x": -173.749,
        "y": 17.1975
      }
    },
    {
      "source": "virtual reality  ️",
      "target": "computer graphics  ️",
      "curve": {
        "x": -171.432,
        "y": -41.3218
      }
    },
    {
      "source": "neuroscience  ️",
      "target": "biology  ️",
      "curve": {
        "x": 40.5858,
        "y": -105.09
      }
    },
    {
      "source": "databases  ️",
      "target": "computer science  ️",
      "curve": {
        "x": 99.3098,
        "y": -54.9479
      }
    },
    {
      "source": "programming  ️",
      "target": "computer hardware  ️",
      "curve": {
        "x": 9.20313,
        "y": 94.6777
      }
    },
    {
      "source": "computer vision  ️",
      "target": "computer graphics  ️",
      "curve": {
        "x": -89.8343,
        "y": 63.3598
      }
    },
    {
      "source": "marketing  ️",
      "target": "psychology  ️",
      "curve": {
        "x": 155.561,
        "y": 4.63199
      }
    },
    {
      "source": "economics  ️",
      "target": "mathematics  ️",
      "curve": {
        "x": 208.432,
        "y": 73.5573
      }
    },
    {
      "source": "cryptocurrency  ️",
      "target": "economics  ️",
      "curve": {
        "x": -1.45033,
        "y": 88.0463
      }
    },
    {
      "source": "management  ️",
      "target": "psychology  ️",
      "curve": {
        "x": 161.024,
        "y": -40.3021
      }
    },
    {
      "source": "cryptocurrency  ️",
      "target": "cryptography  ️",
      "curve": {
        "x": 94.6066,
        "y": 108.94
      }
    },
    {
      "source": "engineering  ️",
      "target": "physics  ️",
      "curve": {
        "x": -93.3587,
        "y": -42.451
      }
    },
    {
      "source": "engineering  ️",
      "target": "mathematics  ️",
      "curve": {
        "x": 51.7712,
        "y": -46.8203
      }
    },
    {
      "source": "security  ️",
      "target": "cryptography  ️",
      "curve": {
        "x": 5.18704,
        "y": 56.3485
      }
    },
    {
      "source": "web development  ️",
      "target": "programming  ️",
      "curve": {
        "x": -175.079,
        "y": -33.9512
      }
    },
    {
      "source": "software  ️",
      "target": "programming  ️",
      "curve": {
        "x": -130.115,
        "y": -77.6141
      }
    },
    {
      "source": "machine learning  ️",
      "target": "artificial intelligence  ️",
      "curve": {
        "x": 179.075,
        "y": -3.25601
      }
    },
    {
      "source": "natural language processing  ️",
      "target": "machine learning  ️",
      "curve": {
        "x": -105.418,
        "y": 68.772
      }
    },
    {
      "source": "health  ️",
      "target": "chemistry  ️",
      "curve": {
        "x": 76.1853,
        "y": -54.1304
      }
    },
    {
      "source": "medicine  ️",
      "target": "neuroscience  ️",
      "curve": {
        "x": -125.657,
        "y": -19.2057
      }
    },
    {
      "source": "medicine  ️",
      "target": "chemistry  ️",
      "curve": {
        "x": 35.5683,
        "y": -113.227
      }
    },
    {
      "source": "health  ️",
      "target": "biology  ️",
      "curve": {
        "x": -31.8231,
        "y": -67.9687
      }
    },
    {
      "source": "anthropology  ️",
      "target": "psychology  ️",
      "curve": {
        "x": 112.81,
        "y": 48.9121
      }
    },
    {
      "source": "philosophy  ️",
      "target": "art  ️",
      "curve": {
        "x": 127.927,
        "y": -4.14321
      }
    },
    {
      "source": "law  ️",
      "target": "psychology  ️",
      "curve": {
        "x": 72.7327,
        "y": -74.3667
      }
    },
    {
      "source": "entrepreneurship  ️",
      "target": "economics  ️",
      "curve": {
        "x": 103.539,
        "y": 45.6627
      }
    },
    {
      "source": "philosophy  ️",
      "target": "psychology  ️",
      "curve": {
        "x": -69.3253,
        "y": -145.842
      }
    },
    {
      "source": "psychology  ️",
      "target": "neuroscience  ️",
      "curve": {
        "x": 45.0884,
        "y": 94.6518
      }
    },
    {
      "source": "computer graphics  ️",
      "target": "computer science  ️",
      "curve": {
        "x": -168.841,
        "y": 9.06668
      }
    },
    {
      "source": "game development  ️",
      "target": "virtual reality  ️",
      "curve": {
        "x": 6.68055,
        "y": 58.5191
      }
    },
    {
      "source": "distributed computing  ️",
      "target": "network science  ️",
      "curve": {
        "x": -157.466,
        "y": -36.5502
      }
    },
    {
      "source": "architecture  ️",
      "target": "design  ️",
      "curve": {
        "x": 21.4536,
        "y": 53.7999
      }
    },
    {
      "source": "architecture  ️",
      "target": "engineering  ️",
      "curve": {
        "x": -28.2816,
        "y": -74.2817
      }
    },
    {
      "source": "sociology  ️",
      "target": "psychology  ️",
      "curve": {
        "x": 95.8964,
        "y": -84.5582
      }
    },
    {
      "source": "environmental science  ️",
      "target": "physics  ️",
      "curve": {
        "x": 18.2808,
        "y": -80.1665
      }
    },
    {
      "source": "infrastructure  ️",
      "target": "engineering  ️",
      "curve": {
        "x": 124.603,
        "y": -109.482
      }
    },
    {
      "source": "infrastructure  ️",
      "target": "architecture  ️",
      "curve": {
        "x": 136.222,
        "y": -37.8197
      }
    },
    {
      "source": "data science  ️",
      "target": "machine learning  ️",
      "curve": {
        "x": 58.7217,
        "y": 66.3867
      }
    },
    {
      "source": "natural language processing  ️",
      "target": "linguistics  ️",
      "curve": {
        "x": 167.853,
        "y": 10.0854
      }
    },
    {
      "source": "game development  ️",
      "target": "games  ️",
      "curve": {
        "x": 55.1662,
        "y": -57.2584
      }
    },
    {
      "source": "control systems  ️",
      "target": "programming  ️",
      "curve": {
        "x": 140.9,
        "y": -51.6619
      }
    },
    {
      "source": "control systems  ️",
      "target": "computer hardware  ️",
      "curve": {
        "x": 148.853,
        "y": 43.0164
      }
    },
    {
      "source": "environmental science  ️",
      "target": "earth science  ️",
      "curve": {
        "x": -110.4,
        "y": 104.662
      }
    },
    {
      "source": "earth science  ️",
      "target": "space science  ️",
      "curve": {
        "x": 153.237,
        "y": 21.6595
      }
    },
    {
      "source": "linguistics  ️",
      "target": "communication  ️",
      "curve": {
        "x": 156.141,
        "y": -8.97548
      }
    },
    {
      "source": "philosophy  ️",
      "target": "life  ️",
      "curve": {
        "x": -48.7119,
        "y": 10.4657
      }
    },
    {
      "source": "cognitive science  ️",
      "target": "psychology  ️",
      "curve": {
        "x": -40.437,
        "y": 56.1727
      }
    },
    {
      "source": "data science  ️",
      "target": "information theory  ️",
      "curve": {
        "x": 118.289,
        "y": -73.4953
      }
    },
    {
      "source": "communication  ️",
      "target": "information theory  ️",
      "curve": {
        "x": -310.777,
        "y": -77.0731
      }
    },
    {
      "source": "agriculture  ️",
      "target": "anthropology  ️",
      "curve": {
        "x": -133.423,
        "y": 39.3288
      }
    },
    {
      "source": "journalism  ️",
      "target": "sociology  ️",
      "curve": {
        "x": 63.0708,
        "y": -54.0939
      }
    },
    {
      "source": "control systems  ️",
      "target": "systems theory  ️",
      "curve": {
        "x": -80.8621,
        "y": 55.754
      }
    },
    {
      "source": "earth science  ️",
      "target": "geography  ️",
      "curve": {
        "x": -119.782,
        "y": 22.7311
      }
    },
    {
      "source": "law  ️",
      "target": "history  ️",
      "curve": {
        "x": -116.569,
        "y": 23.951
      }
    }
  ],
  "id": 1931
}