{
  "title": "learn anything - economics - accounting - financial accounting",
  "tag": "",
  "nodes": [
    {
      "text": "financial accounting",
      "url": "http://www.wikiwand.com/en/Financial_accounting",
      "fx": 330.796875,
      "fy": -98.69921875,
      "nodes": [],
      "category": "wiki"
    },
    {
      "text": "basics",
      "url": "",
      "fx": 407,
      "fy": 34,
      "nodes": [
        {
          "text": "1. videos on financial accounting",
          "url": "http://bus.emory.edu/scrosso/FA%20Videos.htm",
          "fx": 570,
          "fy": 34,
          "nodes": [],
          "category": "video",
          "color": "rgba(104, 255, 109, 1.0)"
        }
      ]
    }
  ],
  "connections": [
    {
      "source": "financial accounting",
      "target": "basics",
      "curve": {
        "x": -2.64844,
        "y": 65.5996
      }
    }
  ],
  "id": 457
}