{
  "title": "learn anything - computer science - computation - computer programs - control flow - coroutines",
  "tag": "",
  "nodes": [
    {
      "text": "coroutines",
      "url": "http://www.wikiwand.com/en/Coroutine",
      "fx": 237.64453125,
      "fy": -188.1640625,
      "nodes": [],
      "category": "wiki"
    },
    {
      "text": "basics",
      "url": "",
      "fx": 259.5078125,
      "fy": -43.125,
      "nodes": [
        {
          "text": "1. explanation  ️",
          "url": "https://stackoverflow.com/a/553745/3067664",
          "fx": 422.5078125,
          "fy": -30.625,
          "nodes": [],
          "category": "stack exchange",
          "color": "rgba(104, 255, 109, 1.0)"
        }
      ]
    }
  ],
  "connections": [
    {
      "source": "coroutines",
      "target": "basics",
      "curve": {
        "x": -6.81836,
        "y": 71.7695
      }
    }
  ],
  "id": 295
}