{
  "title": "learn anything - art - music - instruments - saxophone",
  "tag": "",
  "nodes": [
    {
      "text": "saxophone",
      "url": "http://www.wikiwand.com/en/Saxophone",
      "fx": -84.6953125,
      "fy": -128.859375,
      "nodes": [
        {
          "text": "",
          "url": "https://www.reddit.com/r/Saxophonics/",
          "fx": 142.3046875,
          "fy": -114.859375,
          "nodes": [],
          "category": "reddit",
          "color": "rgba(175, 54, 242, 1.0)"
        }
      ],
      "category": "wiki"
    },
    {
      "text": "basics",
      "url": "",
      "fx": -46.5,
      "fy": -2,
      "nodes": [
        {
          "text": "1. advice on how to start",
          "url": "https://www.reddit.com/r/Saxophonics/comments/17da6d/i_have_never_played_a_musical_instrument_but_im/c84glqs/",
          "fx": 109.5,
          "fy": 9.5,
          "nodes": [],
          "category": "reddit",
          "color": "rgba(175, 54, 242, 1.0)"
        }
      ]
    }
  ],
  "connections": [
    {
      "source": "saxophone",
      "target": "basics",
      "curve": {
        "x": 1.34766,
        "y": 62.1797
      }
    }
  ],
  "id": 39
}