{
  "title": "learn anything - chemistry - chemical elements - atomic number",
  "tag": "",
  "nodes": [
    {
      "text": "atomic number",
      "url": "http://www.wikiwand.com/en/Atomic_number",
      "fx": -97.41002439345993,
      "fy": -150.35940796413502,
      "nodes": [],
      "category": "wiki"
    },
    {
      "text": "basics",
      "url": "",
      "fx": -46.5,
      "fy": -2,
      "nodes": [
        {
          "text": "1. atomic number, mass number and net charge",
          "url": "https://www.youtube.com/watch?v=dRfrvpVdKGM",
          "fx": 109.5,
          "fy": -1.5,
          "nodes": [],
          "category": "video",
          "color": "rgba(175, 54, 242, 1.0)"
        }
      ]
    }
  ],
  "connections": [
    {
      "source": "atomic number",
      "target": "basics",
      "curve": {
        "x": -1.54499,
        "y": 72.9297
      }
    }
  ],
  "id": 143
}