{
  "title": "learn anything - art - music - music genres - blues",
  "tag": "",
  "nodes": [
    {
      "text": "blues",
      "url": "http://www.wikiwand.com/en/Blues",
      "fx": 24.232826576576485,
      "fy": -458.91204485735733,
      "nodes": [
        {
          "text": "",
          "url": "https://www.reddit.com/r/blues/",
          "fx": 200.23282657657649,
          "fy": -444.91204485735733,
          "nodes": [],
          "category": "reddit",
          "color": "rgba(175, 54, 242, 1.0)"
        }
      ],
      "category": "wiki"
    },
    {
      "text": "songs",
      "url": "",
      "fx": 146.65074355908598,
      "fy": -341.38584294665463,
      "nodes": [
        {
          "text": "where did you sleep last night",
          "url": "https://www.youtube.com/watch?v=blI2dXHyBj0",
          "fx": 299.650743559086,
          "fy": -329.88584294665463,
          "nodes": [],
          "category": "video",
          "color": "rgba(175, 54, 242, 1.0)"
        }
      ]
    },
    {
      "text": "basics",
      "url": "",
      "fx": 34.40990354228961,
      "fy": -229.97665669531796,
      "nodes": [
        {
          "text": "1. what is blues?",
          "url": "https://www.youtube.com/watch?v=DXbclfmvSfU",
          "fx": 190.4099035422896,
          "fy": -218.47665669531796,
          "nodes": [],
          "category": "video",
          "color": "rgba(175, 54, 242, 1.0)"
        }
      ]
    }
  ],
  "connections": [
    {
      "source": "songs",
      "target": "blues",
      "curve": {
        "x": -60.4589,
        "y": -57.5131
      }
    },
    {
      "source": "blues",
      "target": "basics",
      "curve": {
        "x": 0.0885385,
        "y": 113.218
      }
    }
  ],
  "id": 43
}