{
  "title": "learn anything - computer graphics - 3d modelling - cinema 4d",
  "tag": "cinema 4D",
  "nodes": [
    {
      "text": "cinema 4D",
      "url": "http://www.wikiwand.com/en/Cinema_4D",
      "fx": -69.01171875000006,
      "fy": -154.0390625,
      "nodes": [
        {
          "text": "",
          "url": "https://www.reddit.com/r/Cinema4D/",
          "fx": 155.98828124999994,
          "fy": -140.0390625,
          "nodes": [],
          "category": "reddit",
          "color": "rgba(175, 54, 242, 1.0)"
        }
      ],
      "category": "wiki"
    },
    {
      "text": "basics",
      "url": "",
      "fx": -38.4140625,
      "fy": -3,
      "nodes": [
        {
          "text": "1. introduction",
          "url": "https://greyscalegorilla.com/intro-to-cinema-4d/",
          "fx": 117.5859375,
          "fy": -5.5,
          "nodes": [],
          "color": "rgba(36, 170, 255, 1.0)"
        },
        {
          "text": "1. cinema 4D tutorials",
          "url": "http://www.eyedesyn.com/tutorials/",
          "fx": 117.5859375,
          "fy": 28.5,
          "nodes": [],
          "color": "rgba(175, 54, 242, 1.0)"
        }
      ]
    }
  ],
  "connections": [
    {
      "source": "cinema 4D",
      "target": "basics",
      "curve": {
        "x": -1.95117,
        "y": 74.2695
      }
    }
  ],
  "id": 205
}