{
  "title": "learn anything - chemistry - drugs",
  "tag": "",
  "nodes": [
    {
      "text": "drugs",
      "note": "",
      "url": "http://www.wikiwand.com/en/Drug",
      "fx": -306.995416801106,
      "fy": -1080.173477468957,
      "nodes": [
        {
          "text": "",
          "url": "https://www.reddit.com/r/Drugs/",
          "fx": -101.99541680110599,
          "fy": -1106.173477468957,
          "nodes": [
            {
              "text": "wiki",
              "url": "https://www.reddit.com/r/Drugs/wiki/knowledgebase",
              "fx": 8.00458319889401,
              "fy": -1106.173477468957,
              "nodes": [],
              "category": "reddit",
              "color": "rgba(175, 54, 242, 1.0)"
            }
          ],
          "category": "reddit",
          "color": "rgba(175, 54, 242, 1.0)"
        },
        {
          "text": "ask drugs",
          "url": "https://www.reddit.com/r/askdrugs/",
          "fx": -101.99541680110599,
          "fy": -1066.173477468957,
          "nodes": [],
          "category": "reddit",
          "color": "rgba(255, 189, 10, 1.0)"
        },
        {
          "text": "drug nerds",
          "url": "https://www.reddit.com/r/DrugNerds/",
          "fx": -101.99541680110599,
          "fy": -1026.173477468957,
          "nodes": [],
          "category": "reddit",
          "color": "rgba(36, 170, 255, 1.0)"
        }
      ],
      "category": "wiki"
    },
    {
      "text": "help",
      "url": "",
      "fx": -138.03059310188655,
      "fy": -925.1627676601665,
      "nodes": [
        {
          "text": "erowid",
          "url": "https://www.erowid.org/splash.php",
          "fx": -1.0305931018865522,
          "fy": -944.6627676601665,
          "nodes": [],
          "color": "rgba(175, 54, 242, 1.0)"
        },
        {
          "text": "psychonaut wiki",
          "url": "https://psychonautwiki.org/wiki/Main_Page",
          "fx": -1.0305931018865522,
          "fy": -910.6627676601665,
          "nodes": [],
          "color": "rgba(36, 170, 255, 1.0)"
        },
        {
          "text": "TripSit fact sheets",
          "url": "http://drugs.tripsit.me/",
          "fx": -1.0305931018865522,
          "fy": -876.6627676601665,
          "nodes": [],
          "color": "rgba(255, 189, 10, 1.0)"
        }
      ]
    },
    {
      "text": "interesting",
      "url": "",
      "fx": 27.35522843851186,
      "fy": -785.3973708033162,
      "nodes": [
        {
          "text": "Bill Hicks - positive drug story",
          "url": "https://www.youtube.com/watch?v=VnwFmaLiKl4",
          "fx": 218.35522843851186,
          "fy": -773.8973708033162,
          "nodes": [],
          "category": "video",
          "color": "rgba(175, 54, 242, 1.0)"
        }
      ]
    },
    {
      "text": "basics",
      "url": "",
      "fx": -303.4699468988081,
      "fy": -606.6251399985274,
      "nodes": [
        {
          "text": "1. why the war on drugs is a huge failure",
          "url": "https://www.youtube.com/watch?v=wJUXLqNHCaI",
          "fx": -147.46994689880808,
          "fy": -691.1251399985274,
          "nodes": [],
          "category": "video",
          "color": "rgba(36, 170, 255, 1.0)"
        },
        {
          "text": "1. responsible drug use",
          "url": "https://psychonautwiki.org/wiki/Responsible_drug_use",
          "fx": -147.46994689880808,
          "fy": -629.1251399985274,
          "nodes": [],
          "color": "rgba(209, 21, 88, 1.0)"
        },
        {
          "text": "2. drugged: the science and culture behind psychotropic drugs",
          "url": "http://www.goodreads.com/book/show/17847528-drugged",
          "fx": -147.46994689880808,
          "fy": -595.1251399985274,
          "nodes": [],
          "color": "rgba(175, 54, 242, 1.0)"
        },
        {
          "text": "2. drugs and the brain",
          "url": "https://www.coursera.org/learn/drugs-and-brain",
          "fx": -147.46994689880808,
          "fy": -539.1251399985274,
          "nodes": [],
          "category": "course",
          "color": "rgba(255, 189, 10, 1.0)"
        },
        {
          "text": "2. overview of all drugs",
          "url": "https://www.reddit.com/r/Drugs/wiki/drugs",
          "fx": -147.46994689880808,
          "fy": -499.1251399985274,
          "nodes": [],
          "category": "reddit",
          "color": "rgba(34, 205, 224, 1.0)"
        }
      ]
    },
    {
      "text": "psychedelic drugs  ️",
      "note": "is a drug whose primary action is to alter cognition and perception, typically by agonising serotonin receptors  not to be confused with psychoactive drugs, such as stimulants and opioids, which induce familiar states of consciousness, psychedelics tend to affect the mind in ways that result in the experience being qualitatively different from those of ordinary consciousness  the psychedelic experience is often compared to non-ordinary forms of consciousness such as trance, meditation, yoga, religious ecstasy, dreaming and even near-death experiences",
      "url": "/chemistry/drugs/psychedelic",
      "fx": -214.17542157313335,
      "fy": -390.69754859618683,
      "nodes": [],
      "category": "mindmap"
    },
    {
      "text": "stimulants  ️",
      "url": "/chemistry/drugs/stimulants",
      "fx": -406.7233935101233,
      "fy": -387.02884523608145,
      "nodes": [],
      "category": "mindmap"
    },
    {
      "text": "nootropics  ️",
      "note": "are drugs, supplements, nutraceuticals, and functional foods that purportedly improve mental functions such as cognition, memory, intelligence, motivation, attention, and concentration  they are thought to work by altering the availability of the brain's supply of neurochemicals (neurotransmitters, enzymes, and hormones), by improving the brain's oxygen supply, or by stimulating nerve growth",
      "url": "/chemistry/drugs/nootropics",
      "fx": -633.339148974125,
      "fy": -384.86690305356746,
      "nodes": [],
      "category": "mindmap"
    },
    {
      "text": "antibiotics  ️",
      "url": "/chemistry/drugs/antibiotics",
      "fx": -811.7073076175055,
      "fy": -384.3443129708435,
      "nodes": [],
      "category": "mindmap"
    },
    {
      "text": "research chemicals  ️",
      "url": "/chemistry/drugs/research-chemicals",
      "fx": -1062.5136039135468,
      "fy": -383.84033782922825,
      "nodes": [],
      "category": "mindmap"
    }
  ],
  "connections": [
    {
      "source": "drugs",
      "target": "basics",
      "curve": {
        "x": -10.4873,
        "y": 235.524
      }
    },
    {
      "source": "basics",
      "target": "nootropics  ️",
      "curve": {
        "x": -141.684,
        "y": 112.129
      }
    },
    {
      "source": "basics",
      "target": "stimulants  ️",
      "curve": {
        "x": -35.8766,
        "y": 111.048
      }
    },
    {
      "source": "basics",
      "target": "psychedelic drugs  ️",
      "curve": {
        "x": 70.8401,
        "y": 114.822
      }
    },
    {
      "source": "basics",
      "target": "antibiotics  ️",
      "curve": {
        "x": -286.525,
        "y": 86.5076
      }
    },
    {
      "source": "help",
      "target": "drugs",
      "curve": {
        "x": -67.4824,
        "y": -76.2553
      }
    },
    {
      "source": "interesting",
      "target": "help",
      "curve": {
        "x": -130.943,
        "y": -48.6835
      }
    },
    {
      "source": "basics",
      "target": "research chemicals  ️",
      "curve": {
        "x": -397.882,
        "y": 75.2407
      }
    }
  ],
  "id": 170
}