{
  "title": "learn anything - computer hardware - computer - computer memory - memory hierarchy",
  "tag": "",
  "nodes": [
    {
      "text": "memory hierarchy",
      "url": "http://www.wikiwand.com/en/Memory_hierarchy",
      "fx": 119.96875,
      "fy": -228.71484375,
      "nodes": [],
      "category": "wiki"
    },
    {
      "text": "basics",
      "url": "",
      "fx": 186.75417780748683,
      "fy": -71.90716911766737,
      "nodes": [
        {
          "text": "1. explanation",
          "url": "https://www.youtube.com/watch?v=rlzErXwCPOI",
          "fx": 349.7541778074868,
          "fy": -59.407169117667365,
          "nodes": [],
          "category": "video",
          "color": "rgba(104, 255, 109, 1.0)"
        }
      ]
    }
  ],
  "connections": [
    {
      "source": "memory hierarchy",
      "target": "basics",
      "curve": {
        "x": -2.60729,
        "y": 77.6538
      }
    }
  ],
  "id": 241
}