{
  "title": "learn anything - biology - organisms - cells - metabolism - enzymes",
  "tag": "",
  "nodes": [
    {
      "text": "enzymes",
      "url": "http://www.wikiwand.com/en/Enzyme",
      "fx": 201.765625,
      "fy": -306.5,
      "nodes": [],
      "category": "wiki"
    },
    {
      "text": "basics",
      "url": "",
      "fx": 223.5208333333254,
      "fy": -158.5424890351021,
      "nodes": [
        {
          "text": "1. explanation",
          "url": "https://www.youtube.com/watch?v=ok9esggzN18",
          "fx": 386.5208333333254,
          "fy": -167.0424890351021,
          "nodes": [],
          "category": "video",
          "color": "rgba(104, 255, 109, 1.0)"
        },
        {
          "text": "1. a fun introduction",
          "url": "https://www.youtube.com/watch?v=XTUm-75-PL4&amp;t=19s",
          "fx": 386.5208333333254,
          "fy": -125.04248903510211,
          "nodes": [],
          "category": "video",
          "color": "rgba(0, 224, 161, 1.0)"
        }
      ]
    }
  ],
  "connections": [
    {
      "source": "enzymes",
      "target": "basics",
      "curve": {
        "x": -3.1224,
        "y": 73.2288
      }
    }
  ],
  "id": 115
}