{
  "title": "learn anything - design - design thinking",
  "tag": "",
  "nodes": [
    {
      "text": "design thinking",
      "url": "http://www.wikiwand.com/en/Design_thinking",
      "fx": -77.109375,
      "fy": -176.40625,
      "nodes": [],
      "category": "wiki"
    },
    {
      "text": "articles",
      "url": "",
      "fx": 81.27486947894249,
      "fy": -71.2195777317284,
      "nodes": [
        {
          "text": "16: you’re design thinking too much  ️",
          "url": "http://zurb.com/article/1459/you-re-design-thinking-too-much",
          "fx": 243.2748694789425,
          "fy": -59.71957773172841,
          "nodes": [],
          "category": "article",
          "color": "rgba(175, 54, 242, 1.0)"
        }
      ]
    },
    {
      "text": "basics",
      "note": "",
      "url": "",
      "fx": -16.9559174997637,
      "fy": 22.253652184959492,
      "nodes": [
        {
          "text": "1. design thinking for innovation",
          "url": "https://www.coursera.org/learn/uva-darden-design-thinking-innovation",
          "fx": 165.0440825002363,
          "fy": 33.75365218495949,
          "nodes": [],
          "category": "course",
          "color": "rgba(175, 54, 242, 1.0)"
        }
      ]
    }
  ],
  "connections": [
    {
      "source": "design thinking",
      "target": "basics",
      "curve": {
        "x": 3.32673,
        "y": 98.08
      }
    },
    {
      "source": "articles",
      "target": "design thinking",
      "curve": {
        "x": -53.9421,
        "y": -51.3433
      }
    }
  ],
  "id": 426
}