{
  "title": "learn anything - design - graphic design",
  "tag": "",
  "nodes": [
    {
      "text": "graphic design",
      "url": "http://www.wikiwand.com/en/Graphic_design",
      "fx": -56.51754032258066,
      "fy": -378.74082661290316,
      "nodes": [
        {
          "text": "",
          "url": "https://www.reddit.com/r/graphic_design/",
          "fx": 202.48245967741934,
          "fy": -384.74082661290316,
          "nodes": [],
          "category": "reddit",
          "color": "rgba(36, 170, 255, 1.0)"
        },
        {
          "text": "️",
          "url": "https://graphicdesign.stackexchange.com/",
          "fx": 202.48245967741934,
          "fy": -344.7408266129032,
          "nodes": [],
          "category": "stack exchange",
          "color": "rgba(175, 54, 242, 1.0)"
        }
      ],
      "category": "wiki"
    },
    {
      "text": "articles",
      "url": "",
      "fx": 131.57580348423562,
      "fy": -266.36627987452914,
      "nodes": [
        {
          "text": "17: 10 basic principles of visual design  ️",
          "url": "https://blog.prototypr.io/10-basic-principles-of-visual-design-55b86b9f7241",
          "fx": 293.5758034842356,
          "fy": -265.86627987452914,
          "nodes": [],
          "category": "article",
          "color": "rgba(175, 54, 242, 1.0)"
        }
      ]
    },
    {
      "text": "interesting",
      "url": "",
      "fx": 435.55149405343195,
      "fy": -166.08596365792403,
      "nodes": [
        {
          "text": "vector icon speed runs",
          "url": "https://imgur.com/a/4scqU",
          "fx": 626.551494053432,
          "fy": -154.58596365792403,
          "nodes": [],
          "category": "image",
          "color": "rgba(175, 54, 242, 1.0)"
        }
      ]
    },
    {
      "text": "basics",
      "note": "",
      "url": "",
      "fx": -33.61958360671997,
      "fy": -49.98576545715332,
      "nodes": [
        {
          "text": "1. beginners guide to graphic design",
          "url": "https://www.youtube.com/watch?v=WONZVnlam6U&amp;list=PLYfCBK8IplO4E2sXtdKMVpKJZRBEoMvpn",
          "fx": 148.38041639328003,
          "fy": -69.48576545715332,
          "nodes": [],
          "category": "video",
          "color": "rgba(36, 170, 255, 1.0)"
        },
        {
          "text": "2. elements of typographic style",
          "url": "https://www.goodreads.com/book/show/44735.The_Elements_of_Typographic_Style",
          "fx": 148.38041639328003,
          "fy": -7.48576545715332,
          "nodes": [],
          "category": "non-free book",
          "color": "rgba(175, 54, 242, 1.0)"
        }
      ]
    },
    {
      "text": "photoshop  ️",
      "url": "/design/graphic-design/photoshop",
      "fx": -160.2972472685925,
      "fy": 159.18196473234673,
      "nodes": [],
      "category": "mindmap"
    },
    {
      "text": "sketch  ️",
      "url": "/design/graphic-design/sketch",
      "fx": 26.942776892090137,
      "fy": 159.73367585155245,
      "nodes": [],
      "category": "mindmap"
    },
    {
      "text": "adobe illustrator  ️",
      "url": "/design/graphic-design/adobe-illustrator",
      "fx": -387.23923365724386,
      "fy": 161.69959143109543,
      "nodes": [],
      "category": "mindmap"
    }
  ],
  "connections": [
    {
      "source": "graphic design",
      "target": "basics",
      "curve": {
        "x": -14.551,
        "y": 163.127
      }
    },
    {
      "source": "basics",
      "target": "sketch  ️",
      "curve": {
        "x": 30.7811,
        "y": 104.86
      }
    },
    {
      "source": "basics",
      "target": "photoshop  ️",
      "curve": {
        "x": -59.5893,
        "y": 104.584
      }
    },
    {
      "source": "basics",
      "target": "adobe illustrator  ️",
      "curve": {
        "x": -197.572,
        "y": 105.23
      }
    },
    {
      "source": "articles",
      "target": "graphic design",
      "curve": {
        "x": -69.5467,
        "y": -54.9373
      }
    },
    {
      "source": "interesting",
      "target": "articles",
      "curve": {
        "x": -182.82,
        "y": -36.2395
      }
    }
  ],
  "id": 430
}