{
  "title": "learn anything - design - human computer interaction",
  "tag": "",
  "nodes": [
    {
      "text": "human computer interaction",
      "note": "researches the design and use of computer technology, focused on the interfaces between people (users) and computers",
      "url": "http://www.wikiwand.com/en/Human%E2%80%93computer_interaction",
      "fx": 6.43359375,
      "fy": -344.9609375,
      "nodes": [],
      "category": "wiki"
    },
    {
      "text": "user experience  ️",
      "url": "/design/user-experience",
      "fx": -29.94140625,
      "fy": -217.6875,
      "nodes": [],
      "category": "mindmap"
    },
    {
      "text": "user interfaces",
      "url": "http://www.wikiwand.com/en/User_interface",
      "fx": 205.13042068481445,
      "fy": -215.89453125,
      "nodes": [],
      "category": "wiki"
    }
  ],
  "connections": [
    {
      "source": "human computer interaction",
      "target": "user experience  ️",
      "curve": {
        "x": -52.6875,
        "y": 63.6367
      }
    },
    {
      "source": "human computer interaction",
      "target": "user interfaces",
      "curve": {
        "x": 62.0984,
        "y": 64.5332
      }
    }
  ],
  "id": 431
}