{
  "title": "learn anything - data science - data analysis - analytics - predictive analytics",
  "tag": "",
  "nodes": [
    {
      "text": "predictive analytics",
      "url": "http://www.wikiwand.com/en/Predictive_analytics",
      "fx": -65.359375,
      "fy": -117.0703125,
      "nodes": [],
      "category": "wiki"
    },
    {
      "text": "basics",
      "url": "",
      "fx": 9.05078125,
      "fy": 27.015625,
      "nodes": [
        {
          "text": "1. what is predictive analytics",
          "url": "https://www.youtube.com/watch?v=0KXME_y-3QA",
          "fx": 165.05078125,
          "fy": 38.515625,
          "nodes": [],
          "category": "video",
          "color": "rgba(175, 54, 242, 1.0)"
        }
      ]
    }
  ],
  "connections": [
    {
      "source": "predictive analytics",
      "target": "basics",
      "curve": {
        "x": 1.70508,
        "y": 70.793
      }
    }
  ],
  "id": 379
}