{
  "title": "learn anything - economics - econometrics",
  "tag": "",
  "nodes": [
    {
      "text": "econometrics",
      "url": "http://www.wikiwand.com/en/Econometrics",
      "fx": -28.50031852722168,
      "fy": -37.30001175403595,
      "nodes": [],
      "category": "wiki"
    },
    {
      "text": "basics",
      "url": "",
      "fx": 17.984375,
      "fy": 98.5,
      "nodes": [
        {
          "text": "1. intro to econometrics",
          "url": "https://www.youtube.com/watch?v=vEP4RIOKuE4",
          "fx": 173.984375,
          "fy": 90,
          "nodes": [],
          "category": "video",
          "color": "rgba(175, 54, 242, 1.0)"
        },
        {
          "text": "2. full course on econometrics",
          "url": "https://www.youtube.com/watch?v=M_5SLG7sUa0&amp;list=PLwJRxp3blEvZyQBTTOMFRP_TDaSdly3gU",
          "fx": 173.984375,
          "fy": 130,
          "nodes": [],
          "category": "video",
          "color": "rgba(36, 170, 255, 1.0)"
        }
      ]
    }
  ],
  "connections": [
    {
      "source": "econometrics",
      "target": "basics",
      "curve": {
        "x": -0.257653,
        "y": 66.65
      }
    }
  ],
  "id": 477
}