{
  "title": "learn anything - economics - inflation",
  "tag": "",
  "nodes": [
    {
      "text": "inflation",
      "url": "http://www.wikiwand.com/en/Inflation",
      "fx": -56.078125,
      "fy": -146.36328125,
      "nodes": [],
      "category": "wiki"
    },
    {
      "text": "basics",
      "url": "",
      "fx": -42.24609375,
      "fy": -0.95703125,
      "nodes": [
        {
          "text": "1. explanation",
          "url": "https://www.youtube.com/watch?v=T8-85cZRI9o",
          "fx": 120.75390625,
          "fy": 11.54296875,
          "nodes": [],
          "category": "video",
          "color": "rgba(104, 255, 109, 1.0)"
        }
      ]
    }
  ],
  "connections": [
    {
      "source": "inflation",
      "target": "basics",
      "curve": {
        "x": -3.33398,
        "y": 71.9531
      }
    }
  ],
  "id": 490
}