{
  "title": "learn anything - computer graphics - rendering",
  "tag": "",
  "nodes": [
    {
      "text": "rendering",
      "note": "",
      "url": "http://www.wikiwand.com/en/Rendering_(computer_graphics)",
      "fx": -66.24609375,
      "fy": -285.58877840909093,
      "nodes": [],
      "category": "wiki"
    },
    {
      "text": "help",
      "url": "",
      "fx": 58.58442679558004,
      "fy": -168.3983943370166,
      "nodes": [
        {
          "text": "outdoors lighting  ️",
          "url": "http://www.iquilezles.org/www/articles/outdoorslighting/outdoorslighting.htm",
          "fx": 195.58442679558004,
          "fy": -176.8983943370166,
          "nodes": [],
          "category": "article",
          "color": "rgba(175, 54, 242, 1.0)"
        },
        {
          "text": "sampling  ️",
          "url": "https://renderman.pixar.com/resources/RenderMan_20/risSampling.html",
          "fx": 195.58442679558004,
          "fy": -136.8983943370166,
          "nodes": [],
          "category": "article",
          "color": "rgba(36, 170, 255, 1.0)"
        }
      ]
    },
    {
      "text": "tools",
      "url": "",
      "fx": 146.13449026827232,
      "fy": -57.706234451612204,
      "nodes": [
        {
          "text": "madVR video renderer",
          "url": "http://www.madvr.com/",
          "fx": 288.1344902682723,
          "fy": -43.206234451612204,
          "nodes": [],
          "color": "rgba(175, 54, 242, 1.0)"
        }
      ]
    },
    {
      "text": "ray tracing  ️",
      "note": "is a technique for generating an image by tracing the path of light through pixels in an image plane and simulating the effects of its encounters with virtual objects   the technique is capable of producing a very high degree of visual realism, usually higher than that of typical scalene rendering methods, but at a greater computational cost  this makes it best suited for applications where the image can be rendered slowly ahead of time, such as still images and film and television visual effects, and more poorly suited for real-time applications like video games where speed is critical  it is capable of simulating a wide variety of optical effects, such as reflection and refraction, scattering and dispersion phenomena (such as chromatic aberration)  it works by tracing a path from an imaginary eye through each pixel in a virtual screen, and calculating the colour of the object visible through it",
      "url": "/computer-graphics/rendering/ray-tracing",
      "fx": -90.01733220205756,
      "fy": 44.62429484069264,
      "nodes": [],
      "category": "mindmap"
    },
    {
      "text": "path tracing  ️",
      "url": "/computer-graphics/rendering/path-tracing",
      "fx": -455.24198150634766,
      "fy": 46.66810131072998,
      "nodes": [],
      "category": "mindmap"
    },
    {
      "text": "ray casting  ️",
      "url": "/computer-graphics/rendering/ray-casting",
      "fx": -270.1161595394742,
      "fy": 47.82113486842104,
      "nodes": [],
      "category": "mindmap"
    },
    {
      "text": "foveated rendering  ️",
      "url": "/computer-graphics/rendering/foveated-rendering",
      "fx": -707.3719329833984,
      "fy": 51.45722961425781,
      "nodes": [],
      "category": "mindmap"
    },
    {
      "text": "interesting",
      "url": "",
      "fx": 219.8985721982731,
      "fy": 59.32819234913768,
      "nodes": [
        {
          "text": "realistic terrain in 130 lines  ️",
          "url": "http://www.playfuljs.com/realistic-terrain-in-130-lines/",
          "fx": 410.8985721982731,
          "fy": 70.82819234913768,
          "nodes": [],
          "category": "article",
          "color": "rgba(175, 54, 242, 1.0)"
        }
      ]
    }
  ],
  "connections": [
    {
      "source": "help",
      "target": "rendering",
      "curve": {
        "x": -43.6652,
        "y": -57.3452
      }
    },
    {
      "source": "rendering",
      "target": "ray tracing  ️",
      "curve": {
        "x": -9.38562,
        "y": 165.107
      }
    },
    {
      "source": "tools",
      "target": "help",
      "curve": {
        "x": -45.0251,
        "y": -55.3461
      }
    },
    {
      "source": "rendering",
      "target": "path tracing  ️",
      "curve": {
        "x": -202.498,
        "y": 164.879
      }
    },
    {
      "source": "rendering",
      "target": "foveated rendering  ️",
      "curve": {
        "x": -338.259,
        "y": 158.362
      }
    },
    {
      "source": "interesting",
      "target": "tools",
      "curve": {
        "x": -49.132,
        "y": -58.5172
      }
    },
    {
      "source": "rendering",
      "target": "ray casting  ️",
      "curve": {
        "x": -112.185,
        "y": 165.455
      }
    }
  ],
  "id": 230
}