{
  "title": "learn anything - chemistry - biochemistry - molecular biology",
  "tag": "",
  "nodes": [
    {
      "text": "molecular biology",
      "url": "http://www.wikiwand.com/en/Molecular_biology",
      "fx": -90.19140625,
      "fy": -142.48828125,
      "nodes": [],
      "category": "wiki"
    },
    {
      "text": "basics",
      "url": "",
      "fx": -25.835246598639173,
      "fy": 2.7302827380329404,
      "nodes": [
        {
          "text": "1. molecular biology",
          "url": "https://www.youtube.com/watch?v=yYIZgS-L5Sc",
          "fx": 130.16475340136083,
          "fy": 14.23028273803294,
          "nodes": [],
          "category": "video",
          "color": "rgba(175, 54, 242, 1.0)"
        }
      ]
    }
  ],
  "connections": [
    {
      "source": "molecular biology",
      "target": "basics",
      "curve": {
        "x": -0.0719202,
        "y": 71.3593
      }
    }
  ],
  "id": 140
}